kaptCode,kaptName,kaptAddr,codeSaleNm,codeHeatNm,kaptTarea,kaptDongCnt,kaptdaCnt,kaptBcompany,kaptAcompany,kaptTel,kaptFax,kaptUrl,codeAptNm,doroJuso,hoCnt,codeMgrNm,codeHallNm,kaptUsedate,kaptMarea,kaptMparea_60,kaptMparea_85,kaptMparea_135,kaptMparea_136,privArea,bjdCode,codeMgr,kaptMgrCnt,kaptCcompany,codeSec,kaptdScnt,kaptdSecCom,codeClean,kaptdClcnt,codeGarbage,codeDisinf,kaptdDcnt,disposalType,codeStr,kaptdEcapa,codeEcon,codeEmgr,codeFalarm,codeWsupply,codeElev,kaptdEcnt,kaptdPcnt,kaptdPcntu,codeNet,kaptdCccnt,welfareFacility,kaptdWtimebus,subwayLine,subwayStation,kaptdWtimesub,convenientFacility,educationFacility
A10023740,e편한세상 평내 메트로원,경기도 남양주시 평내동 0 e편한세상 평내 메트로원,분양,개별난방,137115.5861,15,NA,대림건설,조합,315957533,315957535,e편한세상 평내 메트로원.apti.co.kr,아파트,NA,1108,위탁관리,계단식,20220624,96073.4817,NA,NA,NA,NA,96073.4817,4136010200,위탁관리,8,(주)경진관리,위탁관리,5,(주)경진관리,위탁관리,13,거점장비수거방식,관리방식미정,NA,NA,철골철근콘크리트구조,4065,종합계약,상주선임,R형,부스타방식,위탁관리,32,128,1051,유,463,"관리사무소, 노인정, 보육시설, 문고, 주민공동시설, 어린이놀이터, 휴게시설, 커뮤니티공간, 자전거보관소",5분이내,경춘선,NA,10~15분이내,관공서(평내주민센터) 병원() 공원(),초등학교(평내) 중학교(평내)
A10023832,LH퍼스트포레,경기도 남양주시 별내동 822-1 LH퍼스트포레,임대+분양,지역난방,50015.85,5,380,삼환기업,한국토지주택공사,315284123,315285123, ,아파트,경기도 남양주시 순화궁로 458-16,380,위탁관리,계단식,20220415,49948.8096,380,0,0,0,20183.83,4136011100,위탁관리,5,대성티엠씨 주식회사,위탁관리,2,(주)미래가이드,위탁관리,4,음식물쓰레기종량제,위탁관리,12,NA,NA,NA,NA,NA,NA,NA,위탁관리,15,NA,NA,NA,NA,NA,5분이내,NA,NA,NA,NA,NA
A10023863,다산지금 경기행복주택,경기도 남양주시 다산동 6110 다산지금 경기행복주택,임대,지역난방,167881.177,7,2078,금호건설,경기주택도시공사,315106045,315106046,다산지금경기행복주택.apti.co.kr,아파트,경기도 남양주시 다산중앙로82번길 106,2078,위탁관리,복도식,20220407,164721.9561,2078,0,0,0,77416.8247,4136011200,위탁관리,15,(주)두잉씨앤에스,위탁관리,6,삼우안전관리,위탁관리,16,음식물쓰레기종량제,관리방식미정,NA,NA,철근콘크리트구조,6000,종합계약,상주선임,R형,부스타방식,위탁관리,31,508,1457,유,415,"관리사무소, 노인정, 보육시설, 문고, 주민공동시설, 어린이놀이터, 유치원, 커뮤니티공간, 자전거보관소, 기타",5~10분이내,경의중앙선,NA,5~10분이내,"관공서(남양주시청,  남양주북부경찰서, 한국전력, 지방법원, ) 병원(한양대병원) 백화점(롯데백화점) 기타(의료보험공단)","초등학교(별빛초등학교, 도농초등학교) 중학교(도농중학교, 동화중학교) 고등학교(동화고등학교)"
A10023893,다산한신더휴 7단지 아파트,경기도 남양주시 다산동 681 다산한신더휴 7단지 아파트,분양,개별난방,26398.37,7,114,한신공영(주),LH,315671973,315671974, ,아파트,경기도 남양주시 가운로2길 78,114,위탁관리,혼합식,20091028,18477.12,0,0,109,5,14803.52,4136011200,위탁관리,NA,(주)미래에이비엠,NA,NA,NA,NA,NA,NA,NA,NA,NA,NA,NA,NA,NA,NA,NA,NA,0,NA,NA,NA,NA,NA,5분이내,NA,NA,10~15분이내,NA,NA
A10023982,다산한신더휴6단지,경기도 남양주시 다산동 682 다산한신더휴6단지,분양,개별난방,26128,3,111,한신공영,LH,315671971,315671972, ,아파트,NA,111,위탁관리,혼합식,20091028,18141.156,0,0,111,0,14513.88,4136011200,위탁관리,NA,(주)미래에이비엠,NA,NA,NA,NA,NA,NA,NA,NA,NA,NA,NA,NA,NA,NA,NA,NA,0,NA,NA,NA,NA,NA,5~10분이내,NA,NA,15~20분이내,NA,NA
A10024060,다산 메트로 3단지,경기도 남양주시 다산동 6076 다산 메트로 3단지,임대,지역난방,89211.906,6,1257,대우건설,경기도시주택공사,315547788,315547789,다산메트로3단지.apti.co.kr,아파트,경기도 남양주시 다산중앙로123번길 47,1257,위탁관리,복도식,20210831,68446.7389,1257,0,0,0,41738.7611,4136011200,위탁관리,10,주식회사 한울타리,위탁관리,8,(주)한울타리,위탁관리,10,음식물쓰레기종량제,위탁관리,12,"도포식,분무식",철근콘크리트구조,NA,종합계약,상주선임,R형,부스타방식,관리방식미정,18,216,720,NA,203,"관리사무소, 노인정, 보육시설, 문고, 주민공동시설, 어린이놀이터, 유치원, 커뮤니티공간, 자전거보관소",5분이내,8호선,NA,5분이내,NA,"초등학교(다산가람초등학교, 남양주 다산초등학교) 중학교(남양주 다산 중학교) 고등학교(남양주 다산 고등학교)"
A10024093,다산신도시자연앤푸르지오,경기도 남양주시 다산동 6163 다산신도시자연앤푸르지오,분양,지역난방,187159.0777,10,1614,대우건설,경기주택도시공사,315561614,315561615, ,아파트,경기도 남양주시 다산중앙로82번안길 74,1614,위탁관리,계단식,20211027,128043.7421,1614,0,0,0,93273.8085,4136011200,위탁관리,11,(주)대우에스티,위탁관리,8,(주) 경진관리,위탁관리,16,음식물쓰레기종량제,위탁관리,4,"도포식,분무식,독이식",철근콘크리트구조,5661.16,종합계약,상주선임,GR형,부스타방식,관리방식미정,38,0,1614,유,441,"관리사무소, 노인정, 보육시설, 문고, 주민공동시설, 어린이놀이터, 휴게시설, 커뮤니티공간, 자전거보관소, 기타",5~10분이내,"8호선, 경의중앙선",NA,5~10분이내,"관공서(남양주남부경찰서, 의정부지방법원, 남양주시청 1,2청사, 한전남양주지사, ) 병원(한양대학교 구리병원) 백화점(현대프리미엄 아울렛 SPACE1) 대형상가(이마트 다산점) 공원() 기타()","초등학교(다산별빛초등학교, 금교초등학교) 중학교(도농중학교, 동화중학교, 미금중학교, 남양주다산중학교.) 고등학교(동화고등학교, 도농고등학교, 인창고등학교)"
A10024142,별빛마을3-6단지,경기도 남양주시 별내동 1030 별빛마을3-6단지,국민임대,지역난방,68831,6,787,한일건설외 2개사,lh,315293601,315293602, ,아파트,경기도 남양주시 별내3로 64-16,787,위탁관리,복도식,20210908,68455.4015,787,0,0,0,30524.14,4136011100,위탁관리,7,중앙종합관리(주),위탁관리,4,탐스관리(주),위탁관리,6,거점장비수거방식,관리방식미정,NA,NA,철골구조,1750,종합계약,상주선임,R형,부스타방식,NA,14,223,487,유,127,"관리사무소, 노인정, 보육시설, 문고, 주민공동시설, 어린이놀이터, 휴게시설, 커뮤니티공간, 자전거보관소, 기타",5분이내,경춘선,NA,5~10분이내,NA,NA
A10024153,다산자연앤자이아파트,경기도 남양주시 다산동 6015 다산자연앤자이아파트,분양,지역난방,129837.5072,7,878,지에스건설,경기주택공사,315233131,25233132,dasan.xisnd.co.kr,아파트,경기도 남양주시 다산순환로 242,878,위탁관리,계단식,20210729,93365.1335,0,878,0,0,71722.7395,4136011200,위탁관리,8,자이에스앤디(주),위탁관리,7,한국보안컨설팅,위탁관리,10,음식물쓰레기종량제,관리방식미정,4,도포식,철근콘크리트구조,5250,종합계약,상주선임,GR형,부스타방식,관리방식미정,34,5,1043,유,231,"관리사무소, 노인정, 보육시설, 문고, 주민공동시설, 어린이놀이터, 휴게시설, 유치원, 커뮤니티공간, 자전거보관소, 기타",5분이내,NA,NA,20분초과,관공서() 병원() 백화점(),초등학교() 중학교() 고등학교()
A10024195,다산센트럴파크,경기도 남양주시 다산동 6107 다산센트럴파크,임대,지역난방,157877.06,6,2075,GS건설(주),경기주택도시공사,315510016,315510019,dsc6.aptner.com/v2,NA,경기도 남양주시 다산중앙로82번길 87-17,2075,위탁관리,복도식,20210728,112971.3364,2075,0,0,0,78076.85,4136011200,위탁관리,15,피에이아름다운관리(주),위탁관리,6,유한회사 현대관리시스템,위탁관리,16,음식물쓰레기종량제,관리방식미정,NA,NA,철근콘크리트구조,7600,종합계약,상주선임,R형,부스타방식,관리방식미정,24,417,1371,유,290,"관리사무소, 노인정, 보육시설, 문고, 주민공동시설, 어린이놀이터, 커뮤니티공간, 자전거보관소",5분이내,경의중앙선,NA,5~10분이내,"관공서(남양주시법원, 남양주남부경찰서, 남양주시청제2청사, 구리남양주교육지원청, 다산행정복지센터) 병원(남양주보건소) 백화점(현대프리미엄아울렛) 대형상가(이마트) 공원(다산중앙공원)","초등학교(다산별빛초등학교, 다산새봄초등학교) 중학교(다산새봄중학교) 고등학교(도농고등학교, 동화고등학교)"
A10024233,별가람마을1-8단지,경기도 남양주시 별내동 822 별가람마을1-8단지,임대,지역난방,56161.12,5,872,(주)서한,한국주택공사(LH),315731855,315731856, ,아파트,경기도 남양주시 순화궁로 458-58,872,위탁관리,복도식,20210706,56161.12,872,0,0,0,26316.88,4136011100,위탁관리,8,(주)미래에이비엠,위탁관리,4,(주)다원피엠씨,위탁관리,6,거점장비수거방식,위탁관리,4,"도포식,분무식",철골철근콘크리트구조,2450,종합계약,상주선임,GR형,부스타방식,위탁관리,15,175,455,유,151,"관리사무소, 노인정, 보육시설, 주민공동시설, 어린이놀이터, 커뮤니티공간, 자전거보관소",5분이내,NA,NA,NA,NA,NA
A10024356,두산알프하임,경기도 남양주시 호평동 730 두산알프하임,분양,개별난방,443448.4199,49,2894,두산중공업,하나자산신탁,315910953,315910962,v2admin.aptner.com,아파트,경기도 남양주시 백봉로 32,2894,위탁관리,계단식,20210128,302508.5455,488,2218,188,0,226246.0038,4136010100,위탁관리,17,(주)동우개발,위탁관리,17,주식회사 에스원,위탁관리,33,거점장비수거방식,위탁관리,12,독이식,철골콘크리트구조,15117,단일계약,상주선임,R형,부스타방식,위탁관리,74,0,3564,유,700,"관리사무소, 노인정, 보육시설, 문고, 주민공동시설, 어린이놀이터, 휴게시설, 유치원, 커뮤니티공간, 자전거보관소",5분이내,경춘선,평내호평,10~15분이내,공원(백봉산),초등학교(하랑초등학교) 중학교(하랑중학교)
A10024407,다산한신더휴8단지,경기도 남양주시 다산동 690 다산한신더휴8단지,분양,개별난방,14356.33,3,63,한국토지주택공사,한신공영,315671975,315671976, ,아파트,경기도 남양주시 가운로2길 98,63,위탁관리,계단식,20091028,9995.392,0,0,60,3,8067.18,4136011200,위탁관리,1,(주)미래에이비엠,위탁관리,0,NA,위탁관리,1,차량수거방식,위탁관리,NA,NA,철근콘크리트구조,450,종합계약,위탁선임,R형,부스타방식,NA,NA,116,0,유,35,NA,5분이내,NA,NA,15~20분이내,NA,NA
A10024415,다산해모로아파트,경기도 남양주시 다산동 6297 다산해모로아파트,임대+분양,개별난방,58346.8236,5,449,한진중공업,지금 도농 1-3구역 주택재개발 정비사업조합,315653596,315663596,https://cafe.naver.com/dshaemoro,아파트,경기도 남양주시 미금로19번길 9,449,위탁관리,혼합식,20210219,39049.94,349,100,0,0,28060.5671,4136011200,위탁관리,5,(주)무림하우징,위탁관리,5,나래종합관리(주),위탁관리,4,음식물쓰레기종량제,위탁관리,12,분무식,철근콘크리트구조,2100,종합계약,상주선임,GR형,부스타방식,위탁관리,10,0,517,유,177,"관리사무소, 노인정, 보육시설, 주민공동시설, 어린이놀이터, 휴게시설, 커뮤니티공간, 자전거보관소, 기타",5분이내,경의중앙선,NA,10~15분이내,관공서(다산행정복지센터) 병원(한양대학교 구리병원) 백화점(구리 롯데백화점),"초등학교(미금초등학교) 중학교(도농중학교) 고등학교(도농고등학교, 동화고등학교)"
A10024480,다산자이아이비플레이스 아파트,경기도 남양주시 다산동 6028 다산자이아이비플레이스 아파트,분양,지역난방,179381.9507,7,967,GS건설,화이트코리아,315225810,25225811,dsxiivy.xisnd.co.kr/,아파트,경기도 남양주시 다산중앙로 153,967,위탁관리,계단식,20210107,123682.4767,0,260,707,0,96824.8313,4136011200,위탁관리,9,자이에스앤디(주),위탁관리(직영+위탁),7,NA,위탁관리(직영+위탁),10,음식물쓰레기종량제,관리방식미정,NA,NA,철골철근콘크리트구조,6500,종합계약,상주선임,GR형,부스타방식,관리방식미정,25,0,1408,무,361,"관리사무소, 노인정, 보육시설, 문고, 주민공동시설, 어린이놀이터, 휴게시설, 유치원, 커뮤니티공간, 자전거보관소",5분이내,8호선,NA,5분이내,NA,NA
A10024648,평내호평역 대명루첸포레스티움아파트,경기도 남양주시 평내동 191 평내호평역 대명루첸포레스티움아파트,분양,개별난방,129329.2383,11,1008,대명종합건설(주),(주)루첸파크,315957516,315957517, ,아파트,경기도 남양주시 경춘로 1305,1008,위탁관리,계단식,20200603,84381.0417,936,72,0,0,60939.0883,4136010200,위탁관리,8,(주)진흥관리시스템,위탁관리,8,(주)아이원서비스,위탁관리,11,차량수거방식,위탁관리,NA,"도포식,분무식,독이식",철근콘크리트구조,5250,단일계약,상주선임,R형,부스타방식,위탁관리,19,6,1159,유,354,"관리사무소, 노인정, 보육시설, 문고, 주민공동시설, 어린이놀이터, 휴게시설, 커뮤니티공간, 자전거보관소, 기타",5분이내,경춘선,평내호평역,10~15분이내,관공서(남양주시청) 병원(국민) 대형상가(이마트),초등학교(평내) 중학교(평내)
A10024788,위스테이별내,경기도 남양주시 별내동 805 위스테이별내,임대,지역난방,71568.55,7,491,계룡건설,유한책임회사 더함,7077918700,7042827948, ,아파트,경기도 남양주시 덕송3로 27,491,위탁관리,계단식,20200527,71180.5937,0,491,0,0,37067.469,4136011100,위탁관리,6,주식회사 스페이스잇다,위탁관리,4,(주)에스텍에이스,위탁관리,6,음식물쓰레기종량제,위탁관리,4,분무식,철골철근콘크리트구조,3250,종합계약,상주선임,R형,부스타방식,위탁관리,17,7,631,유,168,"관리사무소, 노인정, 보육시설, 문고, 주민공동시설, 어린이놀이터, 휴게시설",5분이내,NA,NA,5~10분이내,NA,NA
A10025066,다산 신안인스빌퍼스트포레,경기도 남양주시 다산동 6213 다산 신안인스빌퍼스트포레,분양,지역난방,201003.4775,11,1282,(주)신안,주식회사 하나자산신탁,315521257,315521274,dssifforet,아파트,경기도 남양주시 다산지금로123번길 17,1282,위탁관리,혼합식,20200121,141313.9346,0,1282,0,0,108924.0812,4136011200,위탁관리,9,에스더블유엠(주),위탁관리,6,서진종합관리,위탁관리,16,음식물쓰레기종량제,위탁관리,12,분무식,철골콘크리트구조,5000,종합계약,상주선임,R형,부스타방식,위탁관리,28,0,1495,유,448,"관리사무소, 노인정, 주민공동시설, 어린이놀이터, 휴게시설, 커뮤니티공간, 자전거보관소",5분이내,경의중앙선,NA,10~15분이내,NA,초등학교(다산한강초등학교) 중학교(다산한강중학교)
A10025142,별내우미린스타포레아파트,경기도 남양주시 별내동 895 별내우미린스타포레아파트,분양,지역난방,91051,8,585,우미건설,(주)다안건설,315292293,315292294,wmbn.aptner.com,아파트,경기도 남양주시 별내5로 189-130,585,위탁관리,계단식,20191223,63805.7225,0,585,0,0,49671.1865,4136011100,위탁관리,7,우리관리(주),위탁관리,5,(주)아이원서비스,위탁관리,6,거점장비수거방식,관리방식미정,9,"도포식,기구부착식",철골철근콘크리트구조,2200,단일계약,상주선임,R형,부스타방식,관리방식미정,22,9,740,유,192,"관리사무소, 노인정, 보육시설, 문고, 주민공동시설, 어린이놀이터, 휴게시설, 유치원, 커뮤니티공간, 자전거보관소, 기타",5분이내,경춘선,NA,5~10분이내,관공서() 백화점(),초등학교() 중학교() 고등학교()
A10025306,다산역 경기행복주택아파트,경기도 남양주시 다산동 6027 다산역 경기행복주택아파트,임대,지역난방,80012.72,4,970,대림산업,경기도시공사,315544921,315544922,다산역경기행복주택.apti.co.kr/aptHome/,아파트,경기도 남양주시 다산중앙로145번길 38,970,위탁관리(직영+위탁),복도식,20190902,57020.5,970,0,0,0,35746.18,4136011200,위탁관리(직영+위탁),7,국제경보산업,위탁관리,4,선우환경,위탁관리,6,음식물쓰레기종량제,관리방식미정,4,"도포식,분무식",철골콘크리트구조,2200,종합계약,상주선임,GR형,부스타방식,위탁관리(직영+위탁),12,282,583,유,167,"관리사무소, 노인정, 보육시설, 문고, 주민공동시설, 어린이놀이터, 휴게시설, 커뮤니티공간, 자전거보관소",5분이내,8호선,NA,5분이내,"관공서(다산1동행정복지센터, 남양주시청, 남양주시보건소, 남양주경찰서) 병원(한양대백병원) 백화점(롯데백화점) 대형상가(현대아울렛, 이마트 ) 기타(정약용도서관, 다산아트홀)","초등학교(새봄초등학교, 다산초등학교, ) 중학교(다산중학교) 고등학교(다산고등학교)"
A10025331,다산자연&e편한세상 3차아파트 ,경기도 남양주시 다산동 6132 다산자연&e편한세상 3차아파트 ,임대,지역난방,151506.85,10,1394,주식회사 삼호,경기주택도시공사,315544915,315544917,https://다산자연앤이편한세상3차.apti.co.kr,아파트,경기도 남양주시 다산중앙로82번길 12,1394,위탁관리,계단식,20190726,117242.043,1394,0,0,0,78468.9307,4136011200,위탁관리,9,국제경보산업(주),위탁관리,9,선우환경관리(주),위탁관리,14,음식물쓰레기종량제,위탁관리,NA,NA,철골철근콘크리트구조,4600,종합계약,상주선임,R형,부스타방식,위탁관리,30,42,1269,유,271,"관리사무소, 노인정, 보육시설, 커뮤니티공간, 자전거보관소, 기타",5분이내,NA,NA,5~10분이내,NA,NA
A10025354,호평오네뜨센트럴아파트,경기도 남양주시 호평동 190-1 호평오네뜨센트럴아파트,분양,개별난방,84957.5997,7,616,남해종합개발(주),남해주택건설(주),315234095,315234096, ,아파트,경기도 남양주시 늘을3로 88-12,616,위탁관리,계단식,20190816,58344.4775,220,396,0,0,42897.2368,4136010100,위탁관리,6,자이에스앤디(주),위탁관리(직영+위탁),5,자이에스앤디(주),위탁관리,6,음식물쓰레기종량제,관리방식미정,12,NA,철근콘크리트구조,3200,종합계약,상주선임,R형,부스타방식,관리방식미정,16,0,726,유,169,"관리사무소, 노인정, 보육시설, 문고, 주민공동시설, 어린이놀이터, 휴게시설, 커뮤니티공간, 자전거보관소, 기타",5분이내,경춘선,경춘선 평내호평역,5~10분이내,관공서() 병원() 대형상가() 공원(),초등학교() 중학교() 고등학교()
A10025393,다산자연앤e편한세상2차,경기도 남양주시 다산동 6151 다산자연앤e편한세상2차,분양,지역난방,74091.93,5,491,대림산업(주),경기도시공사,315545441,315545442,dasan-ephpapt.com,아파트,경기도 남양주시 다산중앙로20번길 7,491,위탁관리,계단식,20190628,54033.16,0,491,0,0,40546.92,4136011200,위탁관리,5,(주)동우개발,위탁관리,4,(주)혜진종합관리,위탁관리,5,음식물쓰레기종량제,위탁관리,4,"도포식,분무식",철골철근콘크리트구조,3000,단일계약,상주선임,R형,부스타방식,위탁관리,14,4,577,유,196,"관리사무소, 노인정, 보육시설, 문고, 주민공동시설, 어린이놀이터, 휴게시설, 커뮤니티공간, 자전거보관소",5분이내,"경의중앙선, 경의중앙선",NA,10~15분이내,NA,NA
A10025435,다산신안인스빌퍼스트리버,경기도 남양주시 다산동 540 다산신안인스빌퍼스트리버,분양,지역난방,124464.4584,8,800,(주)신안,(주)신안,315543628,315543629, ,아파트,경기도 남양주시 다산지금로146번길 100,800,위탁관리,계단식,20190627,88359.3712,0,800,0,0,67971.2272,4136011200,위탁관리,7,우리관리(주),위탁관리,6,(주)조은세이프,위탁관리,8,음식물쓰레기종량제,위탁관리,7,"도포식,분무식,기구부착식,기구설치식",철근콘크리트구조,4575.8,종합계약,상주선임,R형,부스타방식,위탁관리,17,7,933,유,270,"관리사무소, 노인정, 문고, 어린이놀이터, 자전거보관소",5분이내,경의중앙선,도농역,5~10분이내,관공서(다산2동 행복복지센타),NA
A10025474,다산 금강펜테리움 리버테라스2차아파트,경기도 남양주시 다산동 6235 다산 금강펜테리움 리버테라스2차아파트,분양,지역난방,198015.5154,15,1304,금강주택,하이아트이앤씨,315532237,315532237,riverterrace2.com,아파트,경기도 남양주시 다산지금로146번길 117,1304,위탁관리,계단식,20190612,143691.5524,0,1304,0,0,110260.4168,4136011200,위탁관리,9,주식회사 한빛종합관리,위탁관리,9,(주)에스원,위탁관리,12,음식물쓰레기종량제,관리방식미정,12,"도포식,분무식,기구부착식,독이식",철골철근콘크리트구조,3750,종합계약,상주선임,GR형,부스타방식,위탁관리,28,8,1566,유,331,"관리사무소, 노인정, 보육시설, 문고, 주민공동시설, 어린이놀이터, 휴게시설, 커뮤니티공간, 자전거보관소, 기타",5분이내,NA,NA,20분초과,NA,초등학교(다산한강초등학교)
A10025561,다산센트럴에일린의뜰아파트,경기도 남양주시 다산동 6208 다산센트럴에일린의뜰아파트,분양,지역난방,115100.7559,5,759,아이에스동서주식회사,아이에스동서주식회사,315233085,315233086, ,아파트,경기도 남양주시 다산지금로16번길 88,759,위탁관리,계단식,20190411,84286.6156,0,759,0,0,64365.515,4136011200,위탁관리,7,NA,위탁관리,7,(주)한빛관리,위탁관리,8,음식물쓰레기종량제,위탁관리,4,"도포식,기구부착식,독이식",철근콘크리트구조,4150,종합계약,상주선임,R형,부스타방식,위탁관리,15,891,9,유,216,"관리사무소, 노인정, 보육시설, 문고, 주민공동시설, 어린이놀이터, 휴게시설, 유치원, 커뮤니티공간, 자전거보관소, 기타",5분이내,경의중앙선,NA,10~15분이내,NA,NA
A10025584,별가람마을 1-2단지 아파트,경기도 남양주시 별내동 806 별가람마을 1-2단지 아파트,임대,지역난방,68406,4,1220,"대보건설(주), 한국해양기술(주), 세온이엠에스(주), 하나로(주) 건우엔지니어링(주), 세건엔지니어링(주)",(주)국민행복주택 제1호 위탁관리부동산 투자회사,315728670,315728672, ,아파트,경기도 남양주시 덕송3로 30,1220,위탁관리,복도식,20190311,68405.9096,1220,0,0,0,32066.74,4136011100,위탁관리,9,율산개발 유한회사,위탁관리,4,(유)원광,위탁관리,8,거점장비수거방식,위탁관리,12,"도포식,분무식,독이식",철근콘크리트구조,3050,종합계약,상주선임,R형,부스타방식,위탁관리,15,333,524,유,151,"관리사무소, 노인정, 보육시설, 문고, 주민공동시설, 어린이놀이터, 휴게시설, 유치원, 커뮤니티공간, 자전거보관소",5분이내,NA,NA,15~20분이내,"관공서(남양주시청, 별내동행정복지센터, 남양주경찰서,별내 파출소,별내소방서,별내에너지) 공원()",초등학교(덕송초등학교) 중학교(별가람중학교) 고등학교(별가람고등학교)
A10025596,반도유보라 메이플타운 2,경기도 남양주시 다산동 6234 반도유보라 메이플타운 2,분양,지역난방,194587.6881,11,1261,(주)반도건설,(주)한영개발,315630753,315630755,반도유보라메이플타운2.apti.co.kr,아파트,경기도 남양주시 다산지금로146번길 67,1261,위탁관리,계단식,20190321,139105.2383,0,1261,0,0,105954.6473,4136011200,위탁관리,9,주식회사 한빛종합관리,관리방식미정,10,주식회사 에스원,위탁관리,15,음식물쓰레기종량제,위탁관리,12,"도포식,분무식",철골철근콘크리트구조,5250,종합계약,상주선임,R형,부스타방식,위탁관리,23,13,1525,유,323,"관리사무소, 노인정, 보육시설, 문고, 주민공동시설, 어린이놀이터, 휴게시설, 커뮤니티공간, 자전거보관소, 기타",5~10분이내,NA,NA,20분초과,NA,NA
A10025828,다산펜테리움 리버테라스1차,경기도 남양주시 다산동 6215 다산펜테리움 리버테라스1차,분양,지역난방,141119.4765,8,944,금강주택(주),금강종합건설(주),315689185,315689186, ,아파트,경기도 남양주시 다산지금로145번길 15,944,위탁관리,계단식,20181221,103951.2384,0,944,0,0,80184.8624,4136011200,위탁관리,8,우리관리(주),위탁관리,7,에스원(강북지원센타),위탁관리,11,음식물쓰레기종량제,위탁관리,2,분무식,철근콘크리트구조,3900,종합계약,상주선임,GR형,부스타방식,위탁관리,16,0,1134,유,203,"관리사무소, 노인정, 문고, 주민공동시설, 어린이놀이터, 커뮤니티공간, 자전거보관소",5분이내,경의중앙선,도농역,20분초과,"관공서(남양주시청 제2청사, 다산2동 주민센터) 병원(한양대학교 구리병원) 대형상가(이마트) 공원()",초등학교() 중학교()
A10025830,힐스테이트 다산,경기도 남양주시 다산동 3639-2 힐스테이트 다산,분양,지역난방,189001.9072,13,1283,현대엔지니어링(주),코리아신탁(주),031-556-1238,315561239,hillstatedasan.com,아파트,경기도 남양주시 다산순환로 365,1283,위탁관리,계단식,20181228,139598.4279,0,1283,0,0,104572.2755,4136011200,위탁관리,11,우리관리(주),위탁관리,12,에스원,위탁관리,20,거점장비수거방식,위탁관리,4,분무식,철골콘크리트구조,6500,종합계약,상주선임,GR형,부스타방식,위탁관리,52,18,1555,유,315,"관리사무소, 노인정, 보육시설, 문고, 주민공동시설, 어린이놀이터, 휴게시설, 커뮤니티공간, 자전거보관소",5분이내,경의중앙선,NA,15~20분이내,NA,NA
A10026145,다산한양수자인리버파크,경기도 남양주시 다산동 4409-3 다산한양수자인리버파크,분양,지역난방,50125.4528,6,291,(주)한양,수자인(주),315551343,315551344,dsrpsujain://dsrpsujain.aptner.com,아파트,경기도 남양주시 다산순환로 111,291,위탁관리,계단식,20180725,35783.89,0,0,291,0,28584.8638,4136011200,위탁관리,5,우리관리(주),위탁관리,4,제일엔에스,위탁관리,4,기타,위탁관리,12,"도포식,분무식",철골콘크리트구조,2150,종합계약,상주선임,R형,부스타방식,위탁관리,11,0,409,유,120,"관리사무소, 노인정, 문고, 주민공동시설, 어린이놀이터, 휴게시설, 커뮤니티공간, 자전거보관소",5분이내,경의중앙선,NA,10~15분이내,"관공서(다산동주민센터,남양주시청,소방서,보건소,세무서) 병원(구리 한양대 병원) 백화점(구리 롯데 백화점) 대형상가(현대프리미엄 아울렛) 공원(왕숙천 수변공원)","초등학교(다산 가람 초등학교) 중학교(미금중학교,도농중학교) 고등학교(동화중고등학교)"
A10026156,다산유승한내들골든뷰,경기도 남양주시 다산동 4399-3 다산유승한내들골든뷰,분양,지역난방,57085.4849,6,316,(주)유승종합건설,(주)유승종합건설,315523346,315523348,www.dasanhnd.com,아파트,경기도 남양주시 다산순환로 135,316,위탁관리,계단식,20180718,38805.6,0,88,228,0,30959.9228,4136011200,위탁관리,4,대원종합관리(주),위탁관리,5,주)코리아종합관리,위탁관리,4,거점장비수거방식,위탁관리,12,분무식,철근콘크리트구조,1900,단일계약,상주선임,R형,부스타방식,위탁관리,11,3,447,유,50,"관리사무소, 노인정, 보육시설, 주민공동시설, 어린이놀이터, 휴게시설, 커뮤니티공간, 자전거보관소",5분이내,경의중앙선,NA,10~15분이내,관공서() 병원() 백화점() 공원(),초등학교(다산가람초등학교) 중학교() 고등학교()
A10026164,다산 e편한세상자이아파트,경기도 남양주시 다산동 3679-3 다산 e편한세상자이아파트,분양,지역난방,234392.63,12,1685,"대림산업,gs건설",경기도시공사,315544131,315544132, ,아파트,경기도 남양주시 다산중앙로81번길 25,1685,위탁관리,계단식,20180627,171987.74,412,1273,0,0,128588.45,4136011200,위탁관리,16,에이제이대원 주식회사,관리방식미정,8,주식회사 백송종합관리,관리방식미정,21,음식물쓰레기종량제,관리방식미정,NA,NA,철골철근콘크리트구조,7500,종합계약,상주선임,GR형,부스타방식,관리방식미정,35,38,1889,유,375,"관리사무소, 노인정, 보육시설, 문고, 주민공동시설, 어린이놀이터, 휴게시설, 커뮤니티공간, 자전거보관소",5분이내,"경의중앙선, 경춘선",NA,10~15분이내,NA,NA
A10026292,다산유승한내들센트럴아파트,경기도 남양주시 다산동 6090 다산유승한내들센트럴아파트,분양,지역난방,96883.0738,5,642,유승개발,유승종합건설(주),315699597,25699598,dhndc.xisnd.co.kr,아파트,경기도 남양주시 다산중앙로81번길 10,642,위탁관리,계단식,20180426,69967.3709,0,642,0,0,53104.3633,4136011200,위탁관리,7,우리관리(주),위탁관리,6,두델코리아,위탁관리,6,음식물쓰레기종량제,위탁관리,12,도포식,철골철근콘크리트구조,2200,종합계약,상주선임,R형,부스타방식,위탁관리,14,8,759,유,153,"관리사무소, 노인정, 문고, 주민공동시설, 어린이놀이터, 휴게시설, 유치원, 커뮤니티공간, 자전거보관소",5분이내,경춘선,도농역,NA,관공서(행정복지센터) 병원(한양대구리병원) 대형상가(이미트) 공원(왕숙천),초등학교(가람) 중학교(미금중) 고등학교(도농고)
A10026388,다산반도유보라메이플타운,경기도 남양주시 다산동 6014 다산반도유보라메이플타운,분양,지역난방,159452.7189,11,1085,(주)반도건설,주식회사하우징개발,315678631,315678632,www.dasan-mapletown.com,아파트,경기도 남양주시 다산순환로 300,1085,위탁관리,계단식,20180314,117028.288,0,1085,0,0,89843.0603,4136011200,위탁관리,10,우리관리(주),위탁관리,6,(주)아이원서비스,위탁관리,13,음식물쓰레기종량제,위탁관리,NA,NA,철골철근콘크리트구조,750,종합계약,상주선임,R형,부스타방식,위탁관리,21,7,1324,유,239,NA,5분이내,NA,NA,NA,NA,NA
A10026562,다산한양수자인리버팰리스,경기도 남양주시 다산동 6024 다산한양수자인리버팰리스,분양,지역난방,96726.3703,13,640,(주)한양,(주)파인자산관리,315641344,315641345, ,아파트,경기도 남양주시 다산순환로 171,640,위탁관리,계단식,20171222,69857.6782,0,640,0,0,53286.3076,4136011200,위탁관리,6,우리관리(주),위탁관리,6,제일엔에스,위탁관리,9,음식물쓰레기종량제,위탁관리,4,분무식,철근콘크리트구조,2500,단일계약,상주선임,R형,부스타방식,위탁관리,23,19,744,유,248,"관리사무소, 노인정, 보육시설, 문고, 주민공동시설, 어린이놀이터, 커뮤니티공간, 자전거보관소",5분이내,경의중앙선,NA,5~10분이내,NA,초등학교()
A10026580,다산아이파크,경기도 남양주시 다산동 5808-1 다산아이파크,분양,지역난방,77152.66,5,467,현대산업개발,아이앤콘스(주),315754086,315754086, ,아파트,경기도 남양주시 다산순환로 333,467,위탁관리,계단식,20171222,56386.58,0,263,204,0,42327.82,4136011200,위탁관리,5,대원종합관리(주),위탁관리,4,(주)에스원,위탁관리,7,음식물쓰레기종량제,위탁관리,4,"도포식,분무식,독이식",철골철근콘크리트구조,2000,종합계약,상주선임,R형,부스타방식,위탁관리,10,0,615,유,153,"관리사무소, 노인정, 보육시설, 문고, 주민공동시설, 어린이놀이터, 휴게시설, 유치원, 커뮤니티공간, 자전거보관소",5분이내,경의중앙선,NA,NA,백화점(롯데백화점) 대형상가(롯데마트 ),초등학교(다산초등학교) 중학교(다산중학교) 고등학교(다산고등학교)
A10026598,다산 자연앤 이편한세상 ,경기도 남양주시 다산동 3646-1 다산 자연앤 이편한세상 ,분양,지역난방,233873.8,13,1615,대림건설,경기도시공사,315572020,315575432,dasandaelim-apt.com,아파트,경기도 남양주시 다산중앙로82번길 15,1615,위탁관리,계단식,20171222,176498.5,0,1615,0,0,133035.14,4136011200,위탁관리,12,세화종합관리(주),위탁관리,12,에이스엠(주),위탁관리,17,음식물쓰레기종량제,위탁관리,12,"도포식,분무식,독이식",철골콘크리트구조,4500,종합계약,상주선임,R형,부스타방식,위탁관리,35,68,1832,유,284,"관리사무소, 노인정, 보육시설, 문고, 주민공동시설, 어린이놀이터, 휴게시설, 유치원, 커뮤니티공간, 자전거보관소",5분이내,경의중앙선,NA,15~20분이내,대형상가() 공원(),초등학교(다산새봄초등학교) 중학교()
A10026600,다산 자연앤롯데캐슬아파트,경기도 남양주시 다산동 5869-2 다산 자연앤롯데캐슬아파트,분양,지역난방,172070.48,10,1186,롯데건설,경기도시공사,315275480,315275482, ,아파트,경기도 남양주시 다산중앙로146번길 7,1186,위탁관리,계단식,20171222,129443.3758,0,1186,0,0,97303.58,4136011200,위탁관리,10,우리관리(주),위탁관리,9,(주)아이원서비스,위탁관리,13,음식물쓰레기종량제,위탁관리,12,분무식,철근콘크리트구조,5650,종합계약,상주선임,R형,부스타방식,위탁관리,28,80,1330,유,231,"관리사무소, 노인정, 보육시설, 주민공동시설, 어린이놀이터, 자전거보관소",5분이내,NA,NA,10~15분이내,NA,NA
A10026936,별사랑마을2-5단지,경기도 남양주시 별내동 897 별사랑마을2-5단지,국민임대,지역난방,42624.69,4,626,진흥기업,LH,315273226,315270991, ,아파트,경기도 남양주시 별내5로 189-50,626,위탁관리,복도식,20170702,42462.9628,626,0,0,0,21298.82,4136011100,위탁관리,6,(주)두온자산관리,위탁관리,4,원앤원산업개발,위탁관리,4,음식물쓰레기종량제,위탁관리,8,"도포식,분무식,독이식",철골철근콘크리트구조,1350,종합계약,상주선임,R형,부스타방식,위탁관리,20,226,340,무,60,"관리사무소, 노인정, 보육시설, 문고, 주민공동시설, 어린이놀이터, 커뮤니티공간, 자전거보관소",5~10분이내,경춘선,경춘선,10~15분이내,관공서() 병원() 대형상가() 공원(),초등학교() 중학교() 고등학교()
A10026983,평내호평역 KCC스위첸 아파트,경기도 남양주시 호평동 728 평내호평역 KCC스위첸 아파트,분양,개별난방,51315.6574,6,333,KCC건설,KCC건설,315918655,315918657, ,아파트,경기도 남양주시 호평로45번길 11-15,333,위탁관리,계단식,20170421,34008.03,120,213,0,0,25300.9605,4136010100,위탁관리,5,세화종합관리(주),위탁관리,4,(주)에스원,위탁관리,5,차량수거방식,위탁관리,4,NA,철근콘크리트구조,2000,종합계약,상주선임,GR형,부스타방식,위탁관리,21,0,408,유,102,"관리사무소, 노인정, 보육시설, 주민공동시설, 어린이놀이터, 유치원, 자전거보관소",5분이내,경춘선,NA,5분이내,관공서(호평평내행정복지센터) 병원(국민병원) 대형상가(이마트) 공원(호평동물놀이공원),초등학교(평동초등학교) 중학교(호평중학교) 고등학교(호평고등힉교)
A10027059,별내효성해링턴코트,경기도 남양주시 별내동 919 별내효성해링턴코트,분양,지역난방,52956.59,18,307,진흥기업(주),(주)별내주택위탁관리부동산투자회사,315273071,315273073,bnhhc.Ezville.net,연립주택,경기도 남양주시 별내3로 183,307,위탁관리,계단식,20170324,34204.7999,0,307,0,0,26054.18,4136011100,위탁관리,5,(주)동우개발,위탁관리,3,(주)혜진종합관리,위탁관리,6,거점장비수거방식,위탁관리,4,분무식,철근콘크리트구조,1200,종합계약,상주선임,P형,부스타방식,위탁관리,39,2,405,유,192,"관리사무소, 노인정, 보육시설, 문고, 주민공동시설, 어린이놀이터, 휴게시설, 커뮤니티공간, 자전거보관소",5분이내,경춘선,별내역,20분초과,관공서() 병원() 백화점() 대형상가() 공원(),초등학교(별가람초등학교) 중학교() 고등학교()
A10027148,LH 미리내마을4-2단지,경기도 남양주시 별내동 1048 LH 미리내마을4-2단지,국민임대,지역난방,72594.75,7,1058,한국토지주택공사,"양우건설,효림종합건설,평광건설,혜성산업",315757185,315757187,미리내마을4-2단지.apti.co.kr/aptHome/,아파트,경기도 남양주시 별내4로 25,1058,위탁관리,복도식,20161219,72309.6741,1058,0,0,0,36577.47,4136011100,위탁관리,9,목송산업개발(주),위탁관리,4,목송산업개발,위탁관리,9,음식물쓰레기종량제,위탁관리,12,도포식,철골콘크리트구조,2650,단일계약,상주선임,R형,부스타방식,위탁관리,18,383,573,무,102,"관리사무소, 노인정, 보육시설, 문고, 주민공동시설, 어린이놀이터, 휴게시설, 자전거보관소",5분이내,경춘선,NA,10~15분이내,관공서(별내동행정복지센터) 기타(상가),초등학교(별내한별초등학교)
A10027230,별내 미리내마을4-3단지,경기도 남양주시 별내동 1043 별내 미리내마을4-3단지,국민임대,지역난방,25095.08,3,368,양우건설(주),한국토지주택공사,315758237,315758238, ,아파트,경기도 남양주시 별내4로 7,368,위탁관리,복도식,20161219,25095.08,368,0,0,0,12610.08,4136011100,위탁관리,5,(주)미래에이비엠,위탁관리,2,(주)미래에이비엠,위탁관리,3,기타,위탁관리,6,분무식,철근콘크리트구조,0,단일계약,상주선임,GR형,부스타방식,위탁관리,13,133,200,무,45,"관리사무소, 노인정, 보육시설, 어린이놀이터, 자전거보관소",5~10분이내,경춘선,별내역,10~15분이내,"관공서(남양주시청, 별내동 주민센터, 남양주 경찰서)",초등학교(한별초등학교) 중학교(한별중학교) 고등학교(별내고등학교) 대학교(삼육대학교)
A10027695,별내푸르지오,경기도 남양주시 별내동 871 별내푸르지오,분양,지역난방,169879.41,14,1100,대우건설,대우건설,315725220,315725221, ,아파트,경기도 남양주시 송산로307번길 20,1100,위탁관리,계단식,20151204,118535.555,0,1100,0,0,90693.3197,4136011100,위탁관리,9,광인산업(주),위탁관리,9,(유)탄천산업,위탁관리,13,거점장비수거방식,위탁관리,12,"도포식,분무식",철골콘크리트구조,5500,단일계약,상주선임,R형,부스타방식,위탁관리,36,87,1350,유,326,"관리사무소, 노인정, 보육시설, 문고, 주민공동시설, 어린이놀이터, 휴게시설, 커뮤니티공간, 자전거보관소",5분이내,경춘선,별내역,20분초과,NA,초등학교(샛별초등학교) 중학교(별가람중학교) 고등학교(별내고등학교)
A10027754,힐스테이트 황금산아파트,경기도 남양주시 다산동 3129-65 힐스테이트 황금산아파트,분양,개별난방,175885.42,19,1008,현대건설,지금동 재건축 정비조합,315544841,315544843, ,아파트,경기도 남양주시 경춘로 468-40,1008,위탁관리,계단식,20170630,174899.8,242,498,268,0,89299.2,4136011200,위탁관리,10,(주)동우개발,위탁관리,10,혜진종합관리,위탁관리,13,기타,위탁관리,4,NA,철근콘크리트구조,5000,종합계약,상주선임,GR형,부스타방식,위탁관리,28,0,1427,유,314,"관리사무소, 노인정, 보육시설, 주민공동시설, 어린이놀이터, 자전거보관소",5분이내,경의중앙선,NA,5분이내,NA,NA
A10027758,호평1차대명루첸아파트,경기도 남양주시 호평동 410-6 호평1차대명루첸아파트,임대,개별난방,177264.728,15,1130,(주)대명종합건설,(주)대명종합건설,315111864,315110301, ,아파트,경기도 남양주시 천마산로12번길 25-7,1130,위탁관리,계단식,20151020,175934.5546,250,880,0,0,89500.2928,4136010100,위탁관리,13,(주)스마트라이프,위탁관리,9,에스텍에이스,위탁관리,11,차량수거방식,위탁관리,4,"도포식,분무식",철골철근콘크리트구조,4750,종합계약,상주선임,기타,부스타방식,위탁관리,48,1342,0,유,318,"관리사무소, 노인정, 보육시설, 문고, 주민공동시설, 어린이놀이터, 커뮤니티공간, 자전거보관소, 기타",5분이내,경춘선,NA,10~15분이내,NA,NA
A10027943,별내아이파크2차아파트,경기도 남양주시 별내동 852 별내아이파크2차아파트,분양,지역난방,162538.86,9,1083,현대산업개발(주),아이앤콘스(주),315754881,315754883,www.bnipark2.com,아파트,경기도 남양주시 덕송1로 30,1083,위탁관리,계단식,20150729,117322.874,0,1083,0,0,87215.91,4136011100,위탁관리,10,우리관리(주),위탁관리,8,이엠피서비스(주),위탁관리,12,음식물쓰레기종량제,위탁관리,4,분무식,철근콘크리트구조,4000,단일계약,상주선임,R형,부스타방식,위탁관리,27,0,1315,유,233,"관리사무소, 노인정, 보육시설, 문고, 주민공동시설, 어린이놀이터",5분이내,경춘선,NA,5~10분이내,병원() 대형상가(이마트) 공원(),초등학교(덕송초등학교) 중학교(별가람중학교) 고등학교(별내고등학교)
A10027962,별사랑마을2-9단지,경기도 남양주시 별내동 925 별사랑마을2-9단지,국민임대,지역난방,39183.1893,5,483,울트라건설,LH공사,315286074,315286075, ,아파트,경기도 남양주시 별내3로 114,483,위탁관리,복도식,20150514,39183.1893,483,0,0,0,20105.7,4136011100,위탁관리,5,(주)대한주택관리,위탁관리,4,주식회사신세기시스템,위탁관리,4,거점장비수거방식,위탁관리,12,분무식,철근콘크리트구조,1600,단일계약,상주선임,R형,부스타방식,위탁관리,20,144,291,유,73,"관리사무소, 노인정, 보육시설, 문고, 주민공동시설, 어린이놀이터, 자전거보관소",5분이내,8호선,NA,NA,NA,NA
A10028068,별사랑마을2-7단지,경기도 남양주시 별내동 921 별사랑마을2-7단지,임대,지역난방,62338,7,772,울트라건설,한국토지주택공사,315754149,315754150,starlove2-7.com,아파트,경기도 남양주시 별내3로 159,772,위탁관리,복도식,20150514,32294.76,772,0,0,0,32294.76,4136011100,위탁관리,7,에이제이대원 주식회사,위탁관리,6,삼우안전관리(유),위탁관리,6,거점장비수거방식,위탁관리,6,"도포식,분무식",철골철근콘크리트구조,1650,종합계약,상주선임,R형,부스타방식,위탁관리,17,281,419,무,111,"관리사무소, 노인정, 보육시설, 문고, 주민공동시설, 어린이놀이터, 커뮤니티공간",5~10분이내,경춘선,NA,NA,NA,NA
A10028140,별내 유승한내들 이노스타,경기도 남양주시 별내동 893 별내 유승한내들 이노스타,분양,지역난방,29062.8697,4,204,유승종합건설,유승종합건설,315714464,315754464, ,아파트,경기도 남양주시 송산로 277,204,위탁관리,계단식,20140925,20860.51,0,204,0,0,16504.761,4136011100,위탁관리,3,우리관리(주),위탁관리,2,(주) 두원,위탁관리,2,음식물쓰레기종량제,자치관리,4,분무식,철근콘크리트구조,1250,단일계약,위탁선임,R형,부스타방식,위탁관리,18,20,246,유,45,"관리사무소, 노인정, 어린이놀이터",5분이내,경춘선,별내,NA,관공서(별내동주민센터),초등학교(화접) 중학교(별가람) 고등학교(별내2)
A10028151,LH 별사랑마을 2-10단지,경기도 남양주시 별내동 251 LH 별사랑마을 2-10단지,국민임대,지역난방,74362.03,7,886,성지건설(주),한국토지주택공사,315280980,315280993, ,아파트,경기도 남양주시 별내3로 251,886,위탁관리,복도식,20141030,38450.8,886,0,0,0,38450.8,4136011100,위탁관리,8,우리관리(주),위탁관리,4,(주)홈스웰,위탁관리,7,거점장비수거방식,위탁관리,12,"도포식,분무식",철골철근콘크리트구조,2400,종합계약,상주선임,R형,부스타방식,위탁관리,16,252,554,무,81,"관리사무소, 노인정, 보육시설, 주민공동시설, 어린이놀이터, 자전거보관소",5분이내,경춘선,NA,15~20분이내,공원(),중학교(별가람중학교)
A47206001,가운휴먼시아3단지,경기도 남양주시 다산동 674 가운휴먼시아3단지,분양,개별난방,24899.16,6,189,양우건설,LH공사,315551086,315551087,가운3단지.apti.co.kr,아파트,경기도 남양주시 가운로2길 43,189,위탁관리,계단식,20080919,20050.7345,0,189,0,0,15776.25,4136011200,위탁관리,3,주식회사 씨엠관리,위탁관리,2,에스지세콤,위탁관리,2,차량수거방식,위탁관리,12,"도포식,분무식",철근콘크리트구조,675,종합계약,위탁선임,R형,부스타방식,위탁관리,6,68,154,무,50,"관리사무소, 노인정, 어린이놀이터, 자전거보관소",5분이내,경의중앙선,도농,5분이내,"관공서(남양주시청, 도농동주민센터) 대형상가(E마트)",초등학교(가운초교) 중학교(도농중교) 고등학교(동화중고교)
A47206002,더힐포레,경기도 남양주시 다산동 673 더힐포레,분양,개별난방,47566.563,8,358,양우건설,lh공사,315565708,315159422,가운휴먼시아4.apti.co.kr/,아파트,경기도 남양주시 가운로2길 11,358,위탁관리,계단식,20080919,38243.525,0,358,0,0,29993.38,4136011200,위탁관리,4,우리관리(주),위탁관리,6,(주)세원종합관리,위탁관리,3,차량수거방식,위탁관리,12,"분무식,기구부착식,독이식",철근콘크리트구조,950,단일계약,상주선임,R형,부스타방식,위탁관리,15,125,296,유,69,"관리사무소, 노인정, 보육시설, 문고, 어린이놀이터, 자전거보관소",5분이내,"경의중앙선, 경의중앙선",도농,5분이내,"관공서(남양주시청, 도농동주민센터) 대형상가(E마트)",초등학교(가운초교) 중학교(도농중교) 고등학교(동화중고교)
A47206003,경남아너스빌,경기도 남양주시 다산동 683 경남아너스빌,분양,개별난방,64305.615,10,495,경남기업,한국토지주택공사,315550645,315550648,휴먼시아가운마을5단지.ma-um.co.kr,아파트,경기도 남양주시 가운로2길 111,495,위탁관리,계단식,20080919,40816.33,0,495,0,0,40816.33,4136011200,위탁관리,5,(주)동우개발,위탁관리,7,혜진종합관리(주),위탁관리,4,차량수거방식,위탁관리,12,"분무식,독이식",철근콘크리트구조,1450,단일계약,상주선임,R형,부스타방식,위탁관리,19,198,383,무,104,"관리사무소, 노인정, 보육시설, 주민공동시설, 어린이놀이터, 유치원, 커뮤니티공간, 자전거보관소",5분이내,경의중앙선,도농,10~15분이내,관공서(남양주시청),초등학교(가운초교) 중학교(가운중학교) 고등학교(가운고교)
A47206005,가운휴먼시아1단지,경기도 남양주시 다산동 669 가운휴먼시아1단지,국민임대,개별난방,102353.06,16,1417,"남양건설, 신성건설",LH공사,315551620,315551621,www.kohom.or.kr,아파트,경기도 남양주시 가운로2길 28,1417,위탁관리,복도식,20080905,101784.8768,1417,0,0,0,59667.67,4136011200,위탁관리,9,주택관리공단,위탁관리,10,(주)강일기업,위탁관리,6,차량수거방식,위탁관리,3,"도포식,분무식",철근콘크리트구조,2500,단일계약,상주선임,R형,부스타방식,위탁관리,25,480,666,무,136,"관리사무소, 노인정, 보육시설, 문고, 주민공동시설, 어린이놀이터, 휴게시설, 유치원, 커뮤니티공간, 자전거보관소",5분이내,경의중앙선,도농역,5~10분이내,관공서(다산2동주민센터) 병원(한양대구리병원) 백화점(롯데백화점) 대형상가(E마트),"초등학교(양정초교) 중학교(동화중교, 도농중교) 고등학교(동화고교)"
A47206006,가운휴먼시아2단지,경기도 남양주시 다산동 671 가운휴먼시아2단지,임대,개별난방,28229.415,4,388,(주)중앙건설,LH,315552725,315552726,www.kohom.or.kr,아파트,경기도 남양주시 가운로2길 8,388,위탁관리,복도식,20080905,28076.7047,388,0,0,0,16269.42,4136011200,위탁관리,5,주택관리공단,위탁관리,2,(주)강일기업,자치관리(직영),2,음식물쓰레기종량제,위탁관리,3,"도포식,분무식",철근콘크리트구조,700,단일계약,상주선임,R형,부스타방식,위탁관리,8,144,172,무,41,"관리사무소, 노인정, 어린이놀이터, 유치원",5분이내,경의중앙선,도농,5분이내,관공서(다산2동주민센터) 병원(한양대구리병원) 백화점(구리 롯데백화점) 대형상가(E마트),"초등학교(양정초교, 가운초등ㅇ학교) 중학교(동화중교, 도농중교, 가운중학교) 고등학교(동화고교)"
A47212002,호평임광그대가,경기도 남양주시 호평동 723 호평임광그대가,분양,개별난방,59883.68,7,429,임광토건주식회사,호평동 조동지역주택조합,315112241,315156605, ,아파트,경기도 남양주시 천마산로14번길 10,429,위탁관리,계단식,20080605,46772.653,26,403,0,0,35798.8553,4136010100,위탁관리,5,에이비엠주식회사,위탁관리,6,한국그린서비스,위탁관리,5,음식물쓰레기종량제,위탁관리,4,"분무식,독이식",철근콘크리트구조,1850,종합계약,상주선임,R형,부스타방식,위탁관리,16,99,406,유,96,"관리사무소, 노인정, 주민공동시설, 어린이놀이터, 자전거보관소",10~15분이내,"분당선, 경춘선",평내,20분초과,병원(한양대구리) 대형상가(이파),초등학교(호평)
A47212008,라인그린,경기도 남양주시 호평동 371 라인그린,분양,개별난방,49078.828,4,467,라인건설,미금도수주택조합,315918942,315168942,라인그린.ma-um.co.kr,아파트,NA,467,위탁관리,계단식,19970805,41815.8,293,174,0,0,32293.81,4136010100,위탁관리,5,에이제이대원 주식회사,위탁관리,4,(주)혜진종합관리,위탁관리,4,음식물쓰레기종량제,위탁관리,12,"도포식,분무식,독이식",철근콘크리트구조,1850,단일계약,상주선임,R형,부스타방식,위탁관리,13,158,180,무,62,"관리사무소, 노인정, 어린이놀이터, 자전거보관소",10~15분이내,NA,NA,10~15분이내,관공서(동사무소 등) 병원(소규모 의원) 백화점(이마트) 대형상가(할인마트(이마트)) 공원(근린공원),초등학교(평동) 중학교(호평) 고등학교(호평)
A47212009,중흥s클래스로하스,경기도 남양주시 호평동 680 중흥s클래스로하스,분양,개별난방,100106.519,9,484,중흥주택,중흥주택,315940223,315940283,중흥s클래스로하스.ma-um.co.kr,아파트,경기도 남양주시 호평로 149,484,위탁관리,계단식,20061108,79214.8,0,0,346,138,66468.612,4136010100,위탁관리,5,서일개발(주),위탁관리,6,아주관리,위탁관리,5,음식물쓰레기종량제,위탁관리,4,NA,철근콘크리트구조,1900,종합계약,상주선임,R형,부스타방식,위탁관리,16,252,693,무,119,"관리사무소, 노인정, 주민공동시설, 어린이놀이터, 휴게시설, 자전거보관소, 기타",10~15분이내,NA,NA,10~15분이내,관공서(동사무소 등) 병원(소규모 의원) 백화점(이마트) 대형상가(할인마트(이마트)) 공원(근린공원),초등학교(평동) 중학교(호평) 고등학교(호평)
A47212017,호평주공23단지,경기도 남양주시 호평동 681 호평주공23단지,임대,개별난방,41021.16,5,496,거림건설,대한주택공사,315114758,315114759,www.kohom.or.kr,아파트,경기도 남양주시 늘을1로 285,496,위탁관리,계단식,20040729,40872.84,496,0,0,0,27247.16,4136010100,위탁관리,5,주택관리공단(주),위탁관리,4,(주)대덕개발,위탁관리,2,음식물쓰레기종량제,위탁관리,3,"도포식,분무식",철골철근콘크리트구조,800,단일계약,위탁선임,R형,부스타방식,위탁관리,13,387,141,무,48,"관리사무소, 노인정, 주민공동시설, 어린이놀이터",5분이내,경춘선,NA,15~20분이내,관공서(동사무소 등) 병원(소규모 의원) 대형상가(할인마트(K마트)) 공원(근린공원),초등학교(구룡) 중학교(호평) 고등학교(호평)
A47214014,평내신명스카이뷰,경기도 남양주시 평내동 601 평내신명스카이뷰,분양,개별난방,85619.332,11,738,신명종합건설,신명종합건설,315911550,315141550,평내마을신명스카이뷰.apti.co.kr/aptHome,아파트,NA,738,위탁관리,계단식,20040918,67530.12,520,218,0,0,49666.0354,4136010200,위탁관리,5,(주)하나종합관리,위탁관리,4,911무인경비,위탁관리,7,음식물쓰레기종량제,위탁관리,12,"도포식,분무식",철근콘크리트구조,2450,단일계약,상주선임,R형,부스타방식,위탁관리,23,557,283,무,155,"관리사무소, 노인정, 보육시설, 문고, 주민공동시설, 어린이놀이터",5~10분이내,경춘선,NA,NA,"관공서(남양주시청, 남양주경찰서) 병원(양병원) 대형상가(이마트, k마트)",초등학교(신촌초등학교) 중학교(평내중학교) 고등학교()
A47270505,금곡금강,경기도 남양주시 금곡동 654 금곡금강,분양,개별난방,30885.49,4,244,금강 종합건설(주),금강 종합건설(주),315951962,315951964,금곡금강아파트.ma-um.co.kr,아파트,경기도 남양주시 홍유릉로248번길 21,244,위탁관리,계단식,19970530,26128.496,0,244,0,0,20724.14,4136010300,위탁관리,3,서일개발(주),위탁관리,4,제상에스디(주),위탁관리,2,차량수거방식,위탁관리,12,"도포식,분무식",철근콘크리트구조,650,단일계약,위탁선임,P형,고가수조식,위탁관리,7,146,140,무,49,"관리사무소, 노인정, 어린이놀이터, 자전거보관소",5분이내,경춘선,금곡,20분초과,관공서(금곡소방파출소),초등학교(동곡초)
A47270608,금곡신성푸른솔,경기도 남양주시 금곡동 628 금곡신성푸른솔,분양,개별난방,59079,10,696,신성건설,신성건설,315958875,315132126,신성푸른솔.ma-um.co.kr,아파트,경기도 남양주시 홍유릉로248번길 52,696,위탁관리,계단식,19970530,55219.8048,696,0,0,0,41734.944,4136010300,위탁관리,6,세화종합관리(주),위탁관리,8,(주)코리아이지텔,위탁관리,5,차량수거방식,위탁관리,12,분무식,철근콘크리트구조,1800,단일계약,상주선임,P형,부스타방식,위탁관리,20,415,0,무,109,"관리사무소, 노인정, 어린이놀이터, 자전거보관소",5~10분이내,경춘선,금곡,5~10분이내,관공서(금곡소방파출소) 병원(양병원),초등학교(동곡초)
A47270706,금곡GS,경기도 남양주시 금곡동 603 금곡GS,분양,개별난방,43973.625,3,260,LG건설,LG건설,315955022,315955033,금곡GS아파트.ma-um.co.kr,아파트,경기도 남양주시 홍유릉로248번길 51,260,위탁관리,계단식,19970929,35933.2,0,0,178,82,29259.46,4136010300,위탁관리,10,대한종합관리,위탁관리,6,NA,위탁관리,2,기타,위탁관리,7,분무식,철근콘크리트구조,900,종합계약,위탁선임,P형,고가수조식,위탁관리,7,151,278,무,76,"관리사무소, 노인정, 어린이놀이터, 자전거보관소",5분이내,경춘선,금곡,5~10분이내,관공서(금곡소방파출소) 병원(양병원) 대형상가(E마트) 공원(홍유릉),초등학교(동곡초)
A47270906,플루리움1단지,경기도 남양주시 다산동 4002-1 플루리움1단지,분양,개별난방,248735.178,11,1086,부영건설,부영건설,315580455,315580456,www.bygt1.or.kr,아파트,경기도 남양주시 도농로 34,1086,위탁관리,계단식,20010913,164227.304,0,0,484,602,164227.304,4136011200,위탁관리,12,율산개발(주),위탁관리,12,에스원,위탁관리,16,음식물쓰레기종량제,위탁관리,8,"도포식,분무식,독이식",철근콘크리트구조,3750,단일계약,상주선임,R형,고가수조식,위탁관리,23,421,1937,무,245,"관리사무소, 노인정, 보육시설, 주민공동시설, 어린이놀이터, 자전거보관소, 기타",5~10분이내,경의중앙선,도농,5~10분이내,"관공서(도농동사무소,남양주제2청사) 병원(동부의원) 대형상가(LG하이프라자,이마트)",초등학교(도농초등학교) 중학교(도농중학교) 고등학교(동화고등학교)
A47271002,지금동한화꿈에그린,경기도 남양주시 다산동 3718 지금동한화꿈에그린,분양,개별난방,110792.656,8,767,한화건설,지금동재건축조합,315511602,315511603, ,아파트,경기도 남양주시 다산지금로16번길 56,767,위탁관리,계단식,20080829,83465.01,152,537,78,0,64354.317,4136011200,위탁관리,6,에이제이대원 주식회사,위탁관리,6,(주)에스원,위탁관리,7,음식물쓰레기종량제,위탁관리,18,"도포식,분무식",철근콘크리트구조,2750,단일계약,상주선임,R형,부스타방식,위탁관리,20,109,703,유,185,"관리사무소, 노인정, 보육시설, 어린이놀이터, 자전거보관소",5~10분이내,경의중앙선,도농,5~10분이내,관공서(남양주시청),초등학교(양정초등) 중학교(양정중)
A47273713,평내대명,경기도 남양주시 평내동 107-1 평내대명,분양,개별난방,91377.995,8,664,대명종합건설,대명종합건설,315912695,315912696,평내대명.ma-um.co.kr,아파트,경기도 남양주시 경춘로1308번길 8-12,664,위탁관리,계단식,20000508,71226.454,214,316,134,0,57231,4136010200,위탁관리,6,(주)아주관리,위탁관리,6,(주)경진이앤지,위탁관리,6,음식물쓰레기종량제,위탁관리,12,"분무식,독이식",철근콘크리트구조,2850,단일계약,상주선임,R형,부스타방식,위탁관리,23,194,534,무,125,"관리사무소, 노인정, 어린이놀이터, 자전거보관소, 기타",5분이내,경춘선,NA,5~10분이내,관공서(평내동사무소) 병원(천혜의원) 대형상가(삼성디지털프라자-평내점),초등학교(평내초등학교) 중학교(평내중학교)
A47273901,세종리젠시빌,경기도 남양주시 평내동 59 세종리젠시빌,분양,개별난방,40857.93,5,312,세종건설,세종건설,315911562,315911563,세종리젠시빌.ma-um.co.kr,아파트,경기도 남양주시 의안로240번길 16,312,위탁관리,계단식,20001024,32188.8,84,228,0,0,24334.2,4136010200,위탁관리,5,(주)동우개발,위탁관리,2,성화개발 주식회사,위탁관리,2,음식물쓰레기종량제,위탁관리,12,"도포식,분무식",철근콘크리트구조,1550,단일계약,상주선임,R형,부스타방식,위탁관리,9,72,252,유,52,"관리사무소, 노인정, 주민공동시설, 어린이놀이터, 휴게시설, 자전거보관소",5~10분이내,경춘선,평내호평역,5~10분이내,NA,NA
A47274201,별내쌍용예가,경기도 남양주시 별내동 1056 별내쌍용예가,분양,지역난방,141365.8,10,652,쌍용건설(주),kb부동산신탁,315756997,315756998,byega.kr,아파트,경기도 남양주시 별내3로 63,652,위탁관리,계단식,20120127,96721.455,0,0,652,0,76512.93,4136011100,위탁관리,7,(주)아주관리,위탁관리,7,(주)아주관리,위탁관리,9,거점장비수거방식,위탁관리,12,"분무식,독이식",철골철근콘크리트구조,3750,종합계약,상주선임,R형,부스타방식,위탁관리,20,0,1112,유,295,"관리사무소, 노인정, 보육시설, 어린이놀이터, 커뮤니티공간, 자전거보관소",5~10분이내,경춘선,NA,10~15분이내,관공서() 공원(),초등학교(한별초등학교) 중학교(한별중학교) 고등학교(별내고등학교) 대학교(삼육대학교)
A47274202,별내아이파크,경기도 남양주시 별내동 854 별내아이파크,분양,지역난방,151075.809,13,753,현대산업개발(주),대성산업(주),315755983,315755984, ,아파트,경기도 남양주시 별내3로 285,753,위탁관리,계단식,20120127,111294.411,0,0,595,158,92257.67,4136011100,위탁관리,8,(주)동우개발,위탁관리,8,(주)두원에이앤씨,위탁관리,9,거점장비수거방식,위탁관리,4,"도포식,분무식,독이식",철근콘크리트구조,5500,단일계약,상주선임,GR형,부스타방식,위탁관리,25,0,1341,유,208,"관리사무소, 노인정, 보육시설, 문고, 주민공동시설, 어린이놀이터, 휴게시설, 커뮤니티공간, 자전거보관소",5~10분이내,경춘선,NA,15~20분이내,관공서(남양주시 풍양출장소) 백화점(이마트),초등학교(화접초등학교) 중학교(별가람중학교) 고등학교(별내고등학교)
A47274203,별내신일유토빌,경기도 남양주시 별내동 1050 별내신일유토빌,분양,지역난방,111265.41,8,547,신일건업,아시아신탁,315756706,315756708,별내신일유토빌.apti.co.kr,아파트,경기도 남양주시 별내4로 63,547,위탁관리,계단식,20120405,64126.248,0,0,472,75,64126.248,4136011100,위탁관리,7,아주관리,위탁관리,5,에스원,위탁관리,8,거점장비수거방식,위탁관리,12,"도포식,분무식",철근콘크리트구조,4230,종합계약,상주선임,R형,부스타방식,위탁관리,16,5,946,유,233,"관리사무소, 노인정, 보육시설, 주민공동시설, 어린이놀이터, 휴게시설, 커뮤니티공간, 자전거보관소",5분이내,경춘선,NA,5분이내,관공서() 병원() 대형상가() 공원(),초등학교() 중학교() 고등학교()
A47274204,별내대원칸타빌,경기도 남양주시 별내동 900 별내대원칸타빌,분양,지역난방,103323.9,8,486,(주)대원,자영,315278436,315273944, ,아파트,경기도 남양주시 순화궁로 384,486,위탁관리,계단식,20120330,71755.3769,0,0,475,11,58575.95,4136011100,위탁관리,7,대원종합관리(주),위탁관리,10,대산비티엠(주),위탁관리,6,기타,위탁관리,12,"도포식,분무식,독이식",철근콘크리트구조,3800,단일계약,상주선임,R형,부스타방식,위탁관리,15,0,839,유,188,"관리사무소, 노인정, 보육시설, 문고, 주민공동시설, 어린이놀이터, 휴게시설, 커뮤니티공간, 자전거보관소",5~10분이내,"1호선, 4호선, 7호선",NA,20분초과,관공서() 병원() 대형상가() 공원(),초등학교() 중학교() 고등학교()
A47274205,별내KCC스위첸,경기도 남양주시 별내동 1072 별내KCC스위첸,분양,지역난방,140257.7352,9,679,KCC건설,한국토지주택공사,315758938,315758939,starkcc.apti.co.kr/,아파트,경기도 남양주시 별내5로 81,679,위탁관리,계단식,20120627,99394.176,0,0,671,8,77821.2921,4136011100,위탁관리,7,대원종합관리(주),위탁관리,8,(주)백송종합관리,위탁관리,9,거점장비수거방식,위탁관리,12,"분무식,기구부착식",철근콘크리트구조,4550,종합계약,상주선임,GR형,부스타방식,위탁관리,18,6,1119,유,209,"관리사무소, 노인정, 보육시설, 주민공동시설, 어린이놀이터, 휴게시설, 커뮤니티공간, 자전거보관소",5분이내,경춘선,별내,20분초과,관공서(별내동주민센터),초등학교(화접) 중학교(별가람) 고등학교(별내2)
A47274206,별내포스코더샵,경기도 남양주시 별내동 922 별내포스코더샵,분양,지역난방,102303.2275,10,644,포스코,남양건설,315749378,315749379,www.bn-thesharp.net,아파트,경기도 남양주시 별내3로 115,644,위탁관리,계단식,20120525,94941.32,0,0,592,52,77312.1656,4136011100,위탁관리,8,대원종합관리(주),위탁관리,6,한국보안컨설팅(주),위탁관리,8,기타,위탁관리,23,NA,철근콘크리트구조,3250,종합계약,상주선임,R형,부스타방식,위탁관리,38,3,1109,유,368,"관리사무소, 노인정, 보육시설, 문고, 주민공동시설, 어린이놀이터, 휴게시설, 커뮤니티공간, 자전거보관소",5~10분이내,"경의중앙선, 경춘선",별내역,15~20분이내,관공서(),초등학교() 중학교() 고등학교()
A47274207,별내하우스토리,경기도 남양주시 별내동 872 별내하우스토리,분양,지역난방,151316.876,14,720,남광토건(주),(주)한국토지신탁,315283248,315283249,별내하우스토리.com,아파트,경기도 남양주시 송산로307번길 16,720,위탁관리,계단식,20120724,85210.622,0,0,708,12,85210.622,4136011100,위탁관리,7,(주)동우개발,위탁관리,6,듀델코리아,위탁관리,9,거점장비수거방식,위탁관리,12,"도포식,분무식",철근콘크리트구조,4050,단일계약,상주선임,R형,부스타방식,위탁관리,28,0,1254,유,305,"관리사무소, 노인정, 보육시설, 주민공동시설, 어린이놀이터, 휴게시설, 커뮤니티공간, 자전거보관소",5~10분이내,경춘선,별내,20분초과,관공서(별내동주민센터) 대형상가() 공원() 기타(),초등학교(화접) 중학교(별가람) 고등학교(별내2)
A47274208,별내한화꿈에그린더스타,경기도 남양주시 별내동 1041 별내한화꿈에그린더스타,분양,지역난방,112781.3797,11,729,(주)한화건설,(주)진원이앤씨,315100052,315730371,www.bnthestar.com,아파트,경기도 남양주시 별내4로 8,729,위탁관리,계단식,20121029,81653.1411,0,729,0,0,61883.7053,4136011100,위탁관리,8,율산개발(주),위탁관리,5,(주)나래종합관리,위탁관리,9,거점장비수거방식,위탁관리,12,"도포식,분무식,독이식",철근콘크리트구조,4000,단일계약,상주선임,R형,부스타방식,위탁관리,20,0,771,유,176,"관리사무소, 노인정, 보육시설, 문고, 주민공동시설, 어린이놀이터, 커뮤니티공간, 자전거보관소",5~10분이내,경춘선,NA,10~15분이내,관공서() 대형상가(),초등학교() 중학교() 고등학교() 대학교()
A47274209,별내신안인스빌,경기도 남양주시 별내동 1047 별내신안인스빌,분양,지역난방,151459.552,15,874,신안종합건설,신안종합건설,315756485,315756486,http://별내신안인스빌.apti.co.kr,아파트,경기도 남양주시 순화궁로 18,874,위탁관리,혼합식,20121029,98670.1,0,874,0,0,74283.866,4136011100,위탁관리,8,서일개발(주),위탁관리,7,백송종합관리,위탁관리,9,거점장비수거방식,위탁관리,12,"도포식,분무식,독이식",철근콘크리트구조,3500,종합계약,상주선임,GR형,부스타방식,위탁관리,28,5,1144,유,280,"관리사무소, 노인정, 보육시설, 문고, 주민공동시설, 어린이놀이터, 휴게시설, 커뮤니티공간, 자전거보관소",5~10분이내,경춘선,NA,15~20분이내,관공서() 병원(),초등학교() 중학교() 고등학교() 대학교()
A47274210,별내우미린,경기도 남양주시 별내동 1035 별내우미린,분양,지역난방,77794.2921,5,396,(주)우심산업개발,(주)우심산업개발,315274503,315274504, ,아파트,경기도 남양주시 별내3로 24,396,위탁관리,계단식,20121128,55889.6104,0,0,396,0,44624.9167,4136011100,위탁관리,5,(주)덕우,위탁관리,4,(주)덕우,위탁관리,5,음식물쓰레기종량제,위탁관리,10,분무식,철근콘크리트구조,2660,종합계약,상주선임,R형,부스타방식,위탁관리,12,5,652,유,171,"관리사무소, 노인정, 보육시설, 주민공동시설, 어린이놀이터, 휴게시설, 자전거보관소",5~10분이내,분당선,별내,5~10분이내,관공서(별내동주민센터),초등학교(화접) 중학교(별가람) 고등학교(별내2)
A47274211,동익미라벨39단지,경기도 남양주시 별내동 1060 동익미라벨39단지,분양,지역난방,87985.206,11,433,동익건설,동익건설,315758137,315758138,별내동익미라벨39단지.apti.co.kr,아파트,경기도 남양주시 별내중앙로 84,433,위탁관리,계단식,20130227,57959.9189,0,0,433,0,45677.876,4136011100,위탁관리,5,(주)무림하우징,위탁관리,4,(주)듀델코리아,위탁관리,5,거점장비수거방식,위탁관리,4,분무식,철근콘크리트구조,2050,종합계약,상주선임,GR형,부스타방식,위탁관리,19,21,669,유,169,"관리사무소, 노인정, 보육시설, 주민공동시설, 어린이놀이터, 휴게시설, 커뮤니티공간, 자전거보관소",5~10분이내,"4호선, 경춘선",NA,10~15분이내,관공서(별내동주민센터) 대형상가(이마트),초등학교(화접) 중학교(별가람) 고등학교(별내) 대학교(삼육대)
A47274212,별내리슈빌,경기도 남양주시 별내동 914 별내리슈빌,임대+분양,지역난방,112476.21,13,627,(주)KR산업,공무원연금공단,315756725,315756727,별내리슈빌.apti.co.kr,아파트,경기도 남양주시 별내5로 119,627,위탁관리,계단식,20130325,69455.88,0,627,0,0,53260.74,4136011100,위탁관리,7,한국주택시설관리(주),위탁관리,6,(주)가온종합관리,위탁관리,8,거점장비수거방식,위탁관리,12,분무식,철근콘크리트구조,2850,단일계약,상주선임,R형,부스타방식,위탁관리,27,0,935,유,360,"관리사무소, 노인정, 보육시설, 문고, 주민공동시설, 어린이놀이터, 휴게시설, 커뮤니티공간, 자전거보관소",5분이내,경춘선,별내,20분초과,관공서(별내동주민센터) 대형상가(이마트),초등학교(화접) 중학교(별가람) 고등학교(별내) 대학교(삼육대)
A47274213,동익미라벨38단지,경기도 남양주시 별내동 1058 동익미라벨38단지,분양,지역난방,74789.388,10,369,동익건설,동익건설,315739040,315739041,mirabell38.com,아파트,경기도 남양주시 별내중앙로 83,369,위탁관리,계단식,20130227,38886.805,0,0,369,0,38886.805,4136011100,위탁관리,5,율산개발(주),위탁관리,4,(유)원광,위탁관리,4,거점장비수거방식,위탁관리,4,"도포식,기구부착식",철근콘크리트구조,1950,종합계약,상주선임,R형,부스타방식,위탁관리,18,17,573,유,139,"관리사무소, 노인정, 보육시설, 주민공동시설, 어린이놀이터, 휴게시설, 커뮤니티공간, 자전거보관소",5~10분이내,경춘선,별내,10~15분이내,관공서(별내동주민센터) 대형상가(이마트),"초등학교(화접,한별) 중학교(별가람, 한별) 고등학교(별내) 대학교(삼육대)"
A47274214,별내별가람역 한라비발디,경기도 남양주시 별내동 808 별내별가람역 한라비발디,임대+분양,지역난방,71089.67,10,478,한국토지주택공사,한국토지주택공사,315277315,315277316, ,아파트,경기도 남양주시 덕송3로 7,478,위탁관리,계단식,20131216,70947.38,0,478,0,0,39754.25,4136011100,위탁관리,5,(주)화신지엠에스,위탁관리,6,세계보안시스템,위탁관리,4,음식물쓰레기종량제,위탁관리,6,"도포식,분무식",철근콘크리트구조,2000,종합계약,상주선임,R형,부스타방식,위탁관리,14,52,629,유,108,"관리사무소, 노인정, 보육시설, 문고, 주민공동시설, 어린이놀이터, 자전거보관소",5~10분이내,4호선,4호선 당고개역,15~20분이내,관공서(별내동주민센터) 대형상가(이마트),"초등학교(덕송, 화접) 중학교(별가람) 고등학교(별내) 대학교(삼육대)"
A47274215,별내별가람마을LH1-3,경기도 남양주시 별내동 807 별내별가람마을LH1-3,국민임대,지역난방,55857.94,5,679,신세계건설,한국토지주택공사,315756793,315756794, ,아파트,경기도 남양주시 덕송3로 12,679,위탁관리,복도식,20131120,55679.0414,679,0,0,0,29384.53,4136011100,위탁관리,6,대한종합관리(주),위탁관리,4,웅산산업개발(주),위탁관리,6,거점장비수거방식,위탁관리,12,"도포식,분무식,독이식",철근콘크리트구조,2100,종합계약,상주선임,R형,부스타방식,위탁관리,32,197,416,무,70,"관리사무소, 노인정, 보육시설, 문고, 주민공동시설, 어린이놀이터, 자전거보관소",5~10분이내,"4호선, 경춘선",별내 별가람역,20분초과,NA,초등학교(덕송초등학교) 중학교(별가람중학교) 고등학교(별가람고등학교)
A47274216,별내별빛마을LH3단지,경기도 남양주시 별내동 1049 별내별빛마을LH3단지,국민임대,지역난방,91397.9,9,1144,대우건설,한국토지주택공사,315284960,315284962,별빛마을3단지 apti.co.kr,아파트,경기도 남양주시 별내5로 22,1144,위탁관리,혼합식,20131023,90485.328,1144,0,0,0,47104.9,4136011100,위탁관리,9,에이제이대원 주식회사,위탁관리,6,NA,위탁관리,10,거점장비수거방식,위탁관리,12,"도포식,분무식",철근콘크리트구조,2250,종합계약,상주선임,R형,기타,위탁관리,22,322,717,무,138,"관리사무소, 노인정, 보육시설, 문고, 주민공동시설, 어린이놀이터, 휴게시설, 커뮤니티공간, 자전거보관소",5~10분이내,경춘선,NA,20분초과,병원() 대형상가() 공원(),초등학교() 중학교() 고등학교()
A47274217,미리내마을LH4-4,경기도 남양주시 별내동 1037 미리내마을LH4-4,국민임대,지역난방,109590.69,10,1331,효성(주),한국토지주택공사,315746296,315746298, ,아파트,경기도 남양주시 별내3로 23,1331,위탁관리,혼합식,20140109,109131.541,1331,0,0,0,58213.48,4136011100,위탁관리,10,대원종합관리(주),위탁관리,6,한양시스템,위탁관리,11,음식물쓰레기종량제,위탁관리,4,"도포식,분무식",철근콘크리트구조,3450,단일계약,상주선임,R형,부스타방식,위탁관리,25,401,798,무,132,"관리사무소, 노인정, 보육시설, 주민공동시설, 어린이놀이터, 휴게시설, 커뮤니티공간, 자전거보관소",5~10분이내,"7호선, 분당선","태릉입구, 별내",10~15분이내,관공서(별내동주민센터) 대형상가(이마트),초등학교(화접) 중학교(별가람) 고등학교(별내) 대학교(삼육대)
A47274218,별내모아미래도,경기도 남양주시 별내동 899 별내모아미래도,분양,지역난방,86122.1955,10,558,모아건설(주),CHI건설,315293663,315294114,blmo.co.kr,아파트,경기도 남양주시 불암로 336,558,위탁관리,계단식,20140124,62157.82,0,558,0,0,47417.7052,4136011100,위탁관리,7,에이비엠(주),위탁관리,4,NA,위탁관리,6,음식물쓰레기종량제,위탁관리,12,기구부착식,철근콘크리트구조,2400,종합계약,상주선임,R형,부스타방식,위탁관리,34,72,663,유,134,"관리사무소, 노인정, 보육시설, 문고, 어린이놀이터, 커뮤니티공간, 자전거보관소",5~10분이내,"4호선, 6호선, 경춘선","별내, 당고개역",20분초과,관공서(별내동주민센터) 대형상가(이마트),초등학교(화접) 중학교(별가람) 고등학교(별내) 대학교(삼육대)
A47274219,별내유승한내들이든힐즈,경기도 남양주시 별내동 869 별내유승한내들이든힐즈,분양,지역난방,56614.2978,5,378,(주)유승종합건설,(주)유승종합건설,315276112,315276109, ,아파트,경기도 남양주시 불암로 337,378,위탁관리,혼합식,20140124,41968.458,0,378,0,0,31861.0668,4136011100,위탁관리,5,대원종합관리(주),위탁관리,3,새롬에스앤씨,위탁관리,5,기타,위탁관리,12,"도포식,분무식",철근콘크리트구조,1400,단일계약,상주선임,R형,부스타방식,위탁관리,9,22,470,유,70,"관리사무소, 노인정, 보육시설, 문고, 주민공동시설, 어린이놀이터, 자전거보관소",5분이내,"4호선, 경춘선",별내역,10~15분이내,관공서(별내동주민센터) 대형상가(이마트),초등학교(화접) 중학교(별가람) 고등학교(별내) 대학교(삼육대)
A47274220,LH별사랑마을2-2단지,경기도 남양주시 별내동 905 LH별사랑마을2-2단지,국민임대,지역난방,48175.26,5,574,동양건설,동양건설,315288990,315277990, ,아파트,경기도 남양주시 순화궁로 382,574,위탁관리,복도식,20141030,48005.5428,574,0,0,0,25044.1,4136011100,위탁관리,6,우리관리주식회사,위탁관리,3,(주)홈스웰,위탁관리,5,거점장비수거방식,위탁관리,4,분무식,철근콘크리트구조,1800,단일계약,상주선임,P형,부스타방식,위탁관리,11,185,343,무,58,"관리사무소, 노인정, 보육시설, 주민공동시설, 어린이놀이터, 휴게시설, 커뮤니티공간, 자전거보관소",15~20분이내,경춘선,NA,NA,공원(),초등학교() 중학교() 고등학교()
A47274221,별내 별빛마을3-5단지,경기도 남양주시 별내동 62 별내 별빛마을3-5단지,국민임대,지역난방,60311.37,5,752,한진중공업,한국토지주택공사,315710728,315720728,별빛마을3-5단지.apt.co.kr,아파트,경기도 남양주시 별내4로 62,752,위탁관리,복도식,20141202,60144.5292,752,0,0,0,31579.88,4136011100,위탁관리,7,우리관리,위탁관리,4,(주)홈스웰,위탁관리,6,기타,위탁관리,12,"도포식,분무식",철골철근콘크리트구조,1650,단일계약,상주선임,R형,부스타방식,위탁관리,13,224,456,무,84,"관리사무소, 노인정, 보육시설, 문고, 주민공동시설, 어린이놀이터, 커뮤니티공간, 자전거보관소",5분이내,경춘선,NA,15~20분이내,관공서() 병원() 대형상가(이마트) 공원(),초등학교(한별초등학교) 중학교(한별중학교)
A47278416,호평중흥S클래스,경기도 남양주시 호평동 616 호평중흥S클래스,분양,개별난방,158978,17,1054,중흥건설산업,중흥종합건설,315913085,315913086,hpjungheung. apti.co.kr,아파트,경기도 남양주시 늘을3로 65-26,1054,위탁관리,계단식,20050217,124932,0,978,76,0,90070.9416,4136010100,위탁관리,9,우리관리(주),위탁관리,8,우리관리(주),위탁관리,11,음식물쓰레기종량제,위탁관리,4,"도포식,분무식,독이식",철근콘크리트구조,4800,단일계약,상주선임,R형,부스타방식,위탁관리,30,451,966,무,194,"관리사무소, 노인정, 보육시설, 주민공동시설, 어린이놀이터, 휴게시설, 자전거보관소",10~15분이내,경춘선,NA,10~15분이내,관공서(동사무소 등) 병원(소규모 의원) 백화점(이마트) 대형상가(할인마트(이마트)) 공원(근린공원),"초등학교(평동,판곡) 중학교(호평,판곡) 고등학교(호평,판곡)"
A47278513,호평대주파크빌,경기도 남양주시 호평동 613 호평대주파크빌,분양,개별난방,95654,10,673,대주건설(주),엔에이건설(주),315115059,315134800,호평대주파크빌.ma-um.co.kr,아파트,경기도 남양주시 늘을2로 90-39,673,위탁관리,계단식,20041231,82080.753,0,597,0,76,61391.8,4136010100,위탁관리,6,(주)무림하우징,위탁관리,5,주)신현대관리,위탁관리,6,음식물쓰레기종량제,위탁관리,4,"분무식,독이식",철근콘크리트구조,1400,단일계약,상주선임,GR형,부스타방식,위탁관리,18,446,380,무,116,"관리사무소, 노인정, 보육시설, 주민공동시설, 어린이놀이터, 커뮤니티공간",5~10분이내,경춘선,NA,10~15분이내,관공서(동사무소 등) 병원(소규모 의원) 대형상가(할인마트(이마트)) 공원(근린공원),초등학교(평동) 중학교(호평) 고등학교(호평)
A47278711,호평해링턴플레이스,경기도 남양주시 호평동 671 호평해링턴플레이스,분양,개별난방,87436.15,11,607,효성건설,효성,315115747,315115748, ,아파트,경기도 남양주시 호평로 118,607,위탁관리,계단식,20040923,65770.89,0,607,0,0,51309.57,4136010100,위탁관리,5,서일개발(주),위탁관리,8,웅산산업개발(주),위탁관리,5,차량수거방식,위탁관리,12,"도포식,독이식",철근콘크리트구조,1800,종합계약,상주선임,R형,부스타방식,위탁관리,16,131,792,유,136,"관리사무소, 노인정, 보육시설, 문고, 어린이놀이터, 자전거보관소",10~15분이내,경춘선,NA,10~15분이내,관공서(동사무소 등) 병원(소규모 의원) 대형상가(할인마트(이마트)) 공원(근린공원),초등학교(평동) 중학교(호평) 고등학교(호평)
A47278814,호평금강,경기도 남양주시 호평동 668 호평금강,분양,개별난방,129046.836,14,892,금강주택,금강주택,315116401,315116402, ,아파트,경기도 남양주시 호평로 90,892,위탁관리,계단식,20041012,94386.6,0,892,0,0,68585.267,4136010100,위탁관리,7,(주)화신지엠에스,위탁관리,8,명원실업,위탁관리,9,음식물쓰레기종량제,위탁관리,12,분무식,철근콘크리트구조,2500,단일계약,상주선임,R형,부스타방식,위탁관리,25,346,828,무,188,"관리사무소, 노인정, 보육시설, 주민공동시설, 어린이놀이터, 휴게시설, 커뮤니티공간, 자전거보관소, 기타",10~15분이내,경춘선,NA,10~15분이내,관공서(동사무소 등) 병원(소규모 의원) 대형상가(할인마트(이마트)) 공원(근린공원),초등학교(평동) 중학교(호평) 고등학교(호평)
A47278815,남양주호평6단지,경기도 남양주시 호평동 712 남양주호평6단지,임대,개별난방,64955.746,8,755,양우건설,한국토지주택공사,315110477,315110478,http://cafe.daum.net/hs-peoples,아파트,경기도 남양주시 늘을3로 8,755,위탁관리,혼합식,20100817,64491.052,755,0,0,0,37962.15,4136010100,위탁관리,6,서림주택관리(주),위탁관리,6,(주)국보종합관리,위탁관리,6,차량수거방식,위탁관리,12,독이식,철근콘크리트구조,2100,단일계약,상주선임,R형,부스타방식,위탁관리,16,342,392,무,87,"관리사무소, 노인정, 보육시설, 주민공동시설, 어린이놀이터, 휴게시설, 커뮤니티공간, 자전거보관소",5~10분이내,분당선,호평,5~10분이내,관공서(호평경찰서) 병원(보건소) 대형상가(E마트) 기타(소방서),초등학교(판곡) 중학교(호평) 고등학교(호일)
A47278816,호평파라곤,경기도 남양주시 호평동 724 호평파라곤,분양,개별난방,279286.13,25,1275,동양건설,동양건설,315595876,315595878,cafe.naver.com/happyparagon.cafe,아파트,경기도 남양주시 천마산로 65,1275,위탁관리,계단식,20101231,186707.35,258,150,482,385,148919.33,4136010100,위탁관리,11,우리관리(주),위탁관리,11,듀델코리아,위탁관리,16,차량수거방식,위탁관리,12,"분무식,기구부착식",철근콘크리트구조,9350,종합계약,상주선임,R형,부스타방식,위탁관리,38,40,2251,유,340,"관리사무소, 노인정, 보육시설, 어린이놀이터, 커뮤니티공간, 자전거보관소",5~10분이내,경춘선,NA,NA,관공서(남양주시청) 대형상가(이마트) 공원(천마산),초등학교(호평초등학교) 중학교(판곡중학교) 고등학교(판곡고등학교)
A47278817,LH호평1단지,경기도 남양주시 호평동 726 LH호평1단지,국민임대,개별난방,45397.958,8,600,한일건설,한국토지주택공사,315951861,315951862, ,아파트,경기도 남양주시 늘을1로 107,600,위탁관리,복도식,20140122,45046.489,600,0,0,0,26446.55,4136010100,위탁관리,6,우리관리(주),위탁관리,6,(주)홈스웰,위탁관리,4,음식물쓰레기종량제,위탁관리,12,"분무식,기구부착식",철근콘크리트구조,1800,단일계약,상주선임,R형,부스타방식,위탁관리,26,333,196,무,51,"관리사무소, 노인정, 보육시설, 주민공동시설, 어린이놀이터, 휴게시설, 자전거보관소",5~10분이내,경춘선,호평,10~15분이내,관공서(호평경찰서) 대형상가(E마트) 기타(소방서),초등학교(판곡) 중학교(판곡) 고등학교(판곡)
A47278818,호평두산위브파크,경기도 남양주시 호평동 622 호평두산위브파크,분양,개별난방,32407.6138,1,119,두산중공업,(주)크린건설,315936633,315936613, ,주상복합,경기도 남양주시 호평로 33,119,위탁관리,타워형,20091016,29155.9017,0,0,33,86,17218.1547,4136010100,위탁관리,4,대원종합관리(주),NA,NA,NA,위탁관리,2,차량수거방식,위탁관리,12,"도포식,분무식,독이식",철근콘크리트구조,850,단일계약,위탁선임,R형,부스타방식,위탁관리,4,12,252,유,64,"관리사무소, 자전거보관소",5분이내,경춘선,NA,5~10분이내,관공서() 병원() 대형상가() 공원(),초등학교() 중학교() 고등학교()
A47278910,호평동원로얄듀크,경기도 남양주시 호평동 676 호평동원로얄듀크,분양,개별난방,85346.503,9,593,동원개발,동원개발,315146994,315146995,동원로얄듀크.ma-um.co.kr,아파트,경기도 남양주시 호평로 93,593,위탁관리,계단식,20050721,63622.97,0,593,0,0,50401.9757,4136010100,위탁관리,6,태림주택종합관리(주),위탁관리,8,태양삼차원환경,위탁관리,5,음식물쓰레기종량제,위탁관리,12,"도포식,분무식",철근콘크리트구조,2150,종합계약,상주선임,R형,부스타방식,위탁관리,16,135,643,무,127,"관리사무소, 노인정, 보육시설, 문고, 주민공동시설, 어린이놀이터, 휴게시설, 자전거보관소",10~15분이내,경춘선,NA,10~15분이내,관공서(동사무소 등) 병원(소규모 의원) 백화점(이마트) 대형상가(할인마트(이마트)) 공원(근린공원),"초등학교(평동,구룡) 중학교(호평) 고등학교(호평)"
A47279006,호평한화꿈에그린,경기도 남양주시 호평동 618 호평한화꿈에그린,분양,개별난방,59051,6,414,(주)한화건설,(주)한화건설,315111706,315111708, ,아파트,NA,414,위탁관리,계단식,20051125,45163.6326,0,414,0,0,35181.72,4136010100,위탁관리,5,대한종합관리(주),위탁관리,4,백송종합관리,위탁관리,4,차량수거방식,위탁관리,12,분무식,철근콘크리트구조,1650,단일계약,상주선임,R형,부스타방식,위탁관리,15,132,414,무,115,"어린이놀이터, 자전거보관소, 기타",10~15분이내,경춘선,평내호평역,10~15분이내,관공서(동사무소 등) 병원(소규모 의원) 백화점(이마트) 대형상가(할인마트(이마트)) 공원(근린공원),초등학교(평동) 중학교(호평) 고등학교(호평)
A47279101,호평쌍용스윗닷홈,경기도 남양주시 호평동 215-1 호평쌍용스윗닷홈,분양,개별난방,21835.66,2,184,쌍용건설(주),샘하우징(주),315150001,315150002,호평쌍용스윗닷홈.ma-um.co.kr,아파트,NA,184,위탁관리,계단식,20060224,17495,0,132,52,0,17495,4136010100,위탁관리,3,대한종합관리(주),위탁관리,2,제상에스디,위탁관리,2,차량수거방식,위탁관리,12,"도포식,분무식",철근콘크리트구조,800,종합계약,기타,R형,부스타방식,위탁관리,5,101,119,무,21,"관리사무소, 노인정, 주민공동시설, 어린이놀이터, 자전거보관소",5분이내,"경의중앙선, 경춘선",NA,5~10분이내,관공서() 대형상가() 공원(),초등학교() 중학교()
A47279205,플루리움3단지,경기도 남양주시 다산동 4002-1 플루리움3단지,분양,개별난방,243846.854,12,1144,(주)부영,(주)부영,315582800,315582801,도농부영3단지.apti.co.kr,아파트,경기도 남양주시 도농로 34,1144,위탁관리,계단식,20010509,158579.04,0,84,776,284,158579.644,4136011200,위탁관리,11,우리관리(주),위탁관리,14,(주)에스원,위탁관리,17,음식물쓰레기종량제,위탁관리,12,"도포식,분무식,독이식",철근콘크리트구조,3650,단일계약,상주선임,R형,고가수조식,위탁관리,24,379,1765,유,275,"관리사무소, 노인정, 보육시설, 어린이놀이터, 자전거보관소",5~10분이내,경의중앙선,도농,5~10분이내,관공서(도농동사무소) 병원(동부의원) 대형상가(LG하이프라자),초등학교(도농초등학교) 중학교(도농중학교) 고등학교(동화고등학교)
A47279207,플루리움2단지,경기도 남양주시 다산동 4002-1 플루리움2단지,분양,개별난방,278849.643,16,1484,(주)부영,부영,315582521,315582523,by2gt.com,아파트,경기도 남양주시 도농로 34,1484,위탁관리,계단식,20020122,216815.34,0,482,730,272,179939.638,4136011200,위탁관리,12,에이제이대원 주식회사,위탁관리,14,KT텔레캅,위탁관리,19,음식물쓰레기종량제,위탁관리,12,도포식,철근콘크리트구조,4000,단일계약,상주선임,R형,고가수조식,위탁관리,31,398,2042,유,339,"관리사무소, 노인정, 보육시설, 어린이놀이터, 유치원, 자전거보관소",5~10분이내,경의중앙선,도농,5~10분이내,관공서(도농동사무소) 병원(동부의원) 대형상가(이마트),"초등학교(도농초등학교, 금교초등학교) 중학교(도농중학교) 고등학교(동화고등학교)"
A47279408,플루리움4.5단지아파트,경기도 남양주시 다산동 4002-1 플루리움4.5단지아파트,분양,개별난방,430091.575,18,2042,(주)부영,(주)부영,315688260,315588261,http://도농부영4-5단지.apti.co.kr,아파트,경기도 남양주시 도농로 34,2042,위탁관리,계단식,20001109,329295.82,0,324,977,741,275719.245,4136011200,위탁관리,17,율산개발 유한회사,위탁관리,20,ADT캡스,위탁관리,26,음식물쓰레기종량제,위탁관리,4,"도포식,분무식,기구부착식,독이식",철근콘크리트구조,7750,단일계약,상주선임,R형,고가수조식,위탁관리,41,545,3350,유,433,"관리사무소, 노인정, 보육시설, 주민공동시설, 어린이놀이터, 휴게시설, 커뮤니티공간, 자전거보관소",5~10분이내,경의중앙선,도농역,5~10분이내,관공서(도농동사무소) 병원(동부의원) 대형상가(LG하이프라자),초등학교(도농초등학교) 중학교(도농중학교) 고등학교(동화고등학교)
A47279604,호평우미린,경기도 남양주시 호평동 619 호평우미린,분양,개별난방,40588,5,352,(주)우미토건,(주)우미종합건설,315164500,315932520, ,아파트,경기도 남양주시 호평로 9,352,위탁관리,계단식,20041210,34077.24,224,128,0,0,24274.1372,4136010100,위탁관리,4,서일개발,위탁관리,6,(주)을지종합관리,위탁관리,3,차량수거방식,위탁관리,12,분무식,철근콘크리트구조,900,단일계약,위탁선임,P형,부스타방식,위탁관리,10,156,203,무,72,"관리사무소, 노인정, 어린이놀이터, 휴게시설, 자전거보관소",5~10분이내,경춘선,NA,5~10분이내,관공서(호평평내행복복지센터) 병원(소규모 의원) 백화점(이마트) 대형상가(할인마트(이마트)) 공원(근린공원),초등학교(평동) 중학교(호평) 고등학교(호평)
A47279712,한라비발디,경기도 남양주시 호평동 678 한라비발디,분양,개별난방,74221,9,636,한라건설,한라건설,315120155,315120154, ,아파트,경기도 남양주시 늘을1로 270,636,위탁관리,계단식,20051121,56602.23,441,195,0,0,43008.804,4136010100,위탁관리,6,서일개발(주),위탁관리,6,(주)엠컨트럴시스템,위탁관리,6,차량수거방식,위탁관리,4,"도포식,분무식,독이식",철근콘크리트구조,1650,단일계약,상주선임,R형,부스타방식,위탁관리,19,135,597,유,128,"관리사무소, 노인정, 보육시설, 어린이놀이터, 자전거보관소",5분이내,경춘선,NA,10~15분이내,관공서(동사무소 등) 병원(소규모 의원) 백화점(이마트) 대형상가(할인마트(이마트)) 공원(근린공원),초등학교(평동) 중학교(호평) 고등학교(호평)
A47279803,호평우림필유,경기도 남양주시 호평동 711 호평우림필유,분양,개별난방,38680.9604,6,291,우림건설,(주)모던하우징,315599167,315599168,www.gigroup.co.kr,아파트,경기도 남양주시 늘을1로 75,291,위탁관리,계단식,20051230,31218.189,0,291,0,0,24730.7805,4136010100,위탁관리,4,대한종합관리(주),위탁관리,3,주식회사굿모닝대양,위탁관리,2,차량수거방식,위탁관리,12,"도포식,분무식",철근콘크리트구조,900,단일계약,위탁선임,R형,부스타방식,위탁관리,10,125,192,무,64,"관리사무소, 노인정, 어린이놀이터, 휴게시설, 자전거보관소",5분이내,경춘선,NA,5~10분이내,관공서(동사무소 등) 병원(소규모 의원) 백화점(이마트) 대형상가(할인마트(이마트)) 공원(근린공원),초등학교(평동) 중학교(호평) 고등학교(호평)
A47279904,평내마을중흥S클래스2단지,경기도 남양주시 평내동 606 평내마을중흥S클래스2단지,분양,개별난방,57628.783,6,416,중흥건설,중흥건설,315925091,315925092,평내마을중흥S클래스2단지.ma-um.co.kr,아파트,경기도 남양주시 의안로 148,416,위탁관리,계단식,20041215,47964,0,416,0,0,35044.5296,4136010200,위탁관리,5,대한종합관리,위탁관리,4,태양삼차원,위탁관리,4,음식물쓰레기종량제,위탁관리,4,"도포식,분무식",철근콘크리트구조,1688,단일계약,상주선임,R형,부스타방식,위탁관리,13,288,308,무,64,"관리사무소, 노인정, 주민공동시설, 어린이놀이터",10~15분이내,경춘선,NA,20분초과,관공서(남양주시청) 병원(시티병원) 대형상가(이마트) 공원(남양주소방서 뒤 근린공원),초등학교(백봉초등학교) 중학교(장내중학교) 고등학교(평내고둥학교)
A47279905,평내중흥S-클래스 3단지,경기도 남양주시 평내동 608 평내중흥S-클래스 3단지,분양,개별난방,67875.2562,7,424,(합)중흥주택,(합)중흥주택,315140090,315140091, ,아파트,경기도 남양주시 의안로 176,424,위탁관리,계단식,20050425,55189.56,0,308,116,0,40292.5024,4136010200,위탁관리,5,광인산업(주),위탁관리,4,(주)아이원서비스,위탁관리,4,차량수거방식,위탁관리,12,"분무식,기구부착식,독이식",철근콘크리트구조,1920,단일계약,상주선임,R형,부스타방식,위탁관리,13,195,414,무,88,"관리사무소, 노인정, 주민공동시설, 어린이놀이터, 자전거보관소",10~15분이내,경춘선,NA,10~15분이내,관공서() 병원() 대형상가() 공원(),초등학교(백봉초등학교) 중학교() 고등학교()
A47279917,평내중흥S클래스1단지,경기도 남양주시 평내동 599 평내중흥S클래스1단지,분양,개별난방,145561,13,942,중흥건설,중흥건설,315924064,315924065,S-class1.co.kr,아파트,NA,942,위탁관리,계단식,20050324,115549.288,0,702,240,0,87911.2502,4136010200,위탁관리,8,대한종합관리(주),위탁관리,8,(주)엘림에스,위탁관리,11,차량수거방식,위탁관리,NA,"도포식,독이식",철근콘크리트구조,3500,단일계약,상주선임,R형,부스타방식,위탁관리,32,458,894,무,192,"관리사무소, 노인정, 주민공동시설, 어린이놀이터",5~10분이내,경춘선,NA,NA,관공서() 병원() 대형상가() 공원(),초등학교(신촌초등학교) 중학교(평내중학교) 고등학교()
A47280002,금곡명지해드는터,경기도 남양주시 금곡동 612 금곡명지해드는터,분양,개별난방,23263.73,2,171,명지건설,명지건설,315593095,315593096,명지해드는터.ma-um.co.kr,아파트,경기도 남양주시 홍유릉로 255,171,위탁관리,계단식,20050211,17798.3428,11,160,0,0,14252.61,4136010300,위탁관리,2,(주)미래에이비엠,위탁관리,2,(주)미래에이비엠,위탁관리,2,차량수거방식,위탁관리,12,"도포식,분무식",철근콘크리트구조,1110,종합계약,위탁선임,P형,부스타방식,위탁관리,8,61,109,무,32,"관리사무소, 노인정, 어린이놀이터, 자전거보관소",5~10분이내,경춘선,금곡,5~10분이내,관공서(금곡소방파출소) 병원() 공원(),초등학교(동곡초) 중학교() 고등학교()
A47280404,금곡미라보,경기도 남양주시 금곡동 402-1 금곡미라보,분양,개별난방,19293.66,1,184,미라보건설,미라보건설,315910558,315150558, ,아파트,경기도 남양주시 사릉로34번길 3,184,위탁관리,계단식,19960724,17583.6764,84,100,0,0,13534.64,4136010300,위탁관리,2,서일개발,자치관리(직영),0,무,위탁관리,2,차량수거방식,위탁관리,4,분무식,철근콘크리트구조,910,단일계약,위탁선임,P형,고가수조식,위탁관리,5,47,86,무,16,"관리사무소, 노인정, 어린이놀이터",5~10분이내,경춘선,금곡,5~10분이내,"관공서(금곡우체국, 남양주시아트센터) 병원(남양주양병원) 대형상가(삼성디지털프라자)",초등학교(금곡초) 중학교(금곡중) 고등학교(금곡고)
A47280407,서울아파트,경기도 남양주시 금곡동 159-59 서울아파트,분양,개별난방,23583.54,7,365,원일건설(주),진일주택,315920918,315920975, ,아파트,경기도 남양주시 사릉로34번길 21,365,자치관리,계단식,19861215,23526.18,365,0,0,0,17398.9,4136010300,자치관리,1,NA,자치관리(직영),3,NA,위탁관리,2,차량수거방식,위탁관리(직영+위탁),12,분무식,철근콘크리트구조,82,단일계약,선정안함,기타,수도직결식,NA,NA,261,0,무,24,"관리사무소, 노인정",5분이내,경춘선,NA,5분이내,NA,NA
A47280903,금곡신도브래뉴,경기도 남양주시 금곡동 776 금곡신도브래뉴,임대+분양,개별난방,25978,3,182,신도종합건설,조합,315950571,315950572, ,아파트,경기도 남양주시 사릉로58번길 4-32,182,위탁관리,계단식,20081219,18226.81,60,122,0,0,13967.0592,4136010300,위탁관리,2,대한종합관리,위탁관리,2,(주)승학,자치관리(직영),1,차량수거방식,위탁관리,12,분무식,철근콘크리트구조,986,단일계약,위탁선임,R형,부스타방식,위탁관리,4,23,166,무,28,"관리사무소, 노인정, 보육시설, 어린이놀이터, 자전거보관소",5분이내,경춘선,금곡,5~10분이내,관공서(남양주시청) 병원(양병원),초등학교(금곡) 중학교(금곡) 고등학교(금곡)
A47287312,상록데시앙,경기도 남양주시 평내동 592 상록데시앙,분양,개별난방,97219.1801,9,657,태영(주),태영(주),315911157,315921158,cafe.daum.net/korealand114,아파트,NA,657,위탁관리,계단식,20050615,68988.803,0,657,0,0,50637.4753,4136010200,위탁관리,6,광인산업(주),위탁관리,8,(주)듀델코리아,위탁관리,5,차량수거방식,위탁관리,12,"도포식,분무식",철근콘크리트구조,1800,단일계약,상주선임,R형,부스타방식,위탁관리,17,129,732,무,141,"관리사무소, 노인정, 보육시설, 어린이놀이터",5~10분이내,경춘선,NA,NA,관공서(평내동사무소),초등학교(신촌초등학교) 중학교(평내중학교) 고등학교(평내고등학교)
A47287409,대주1차파크빌,경기도 남양주시 평내동 581 대주1차파크빌,분양,개별난방,86548.61,11,595,대주건설,선암산업개발(주),315923486,315924466,대주1차파크빌.ma-um.co.kr,아파트,경기도 남양주시 평내로 113,595,위탁관리,계단식,20050325,69047.554,0,595,0,0,50540.5244,4136010200,위탁관리,6,서일개발,위탁관리,4,911무인경비시스템,위탁관리,7,차량수거방식,위탁관리,12,"도포식,분무식",철근콘크리트구조,2350,단일계약,상주선임,R형,부스타방식,위탁관리,17,306,475,무,121,"관리사무소, 노인정, 보육시설, 어린이놀이터, 자전거보관소, 기타",5분이내,경춘선,NA,5~10분이내,관공서(평내동사무소 우체국 kt 소방소) 병원(예사랑치과의원) 대형상가() 공원(),초등학교(신촌초등학교) 중학교(평내중학교) 고등학교(평내고등학교)
A47287410,평내대주파크빌2차,경기도 남양주시 평내동 602 평내대주파크빌2차,분양,개별난방,78007.328,10,606,대주건설,삼호연립,315590057,315590058,평내대주파크빌2차.ma-um.co.kr,아파트,경기도 남양주시 평내로 104,606,위탁관리,계단식,20050803,62405.52,198,408,0,0,46489.4232,4136010200,위탁관리,6,우리관리(주),위탁관리,4,엘림에스(주),위탁관리,6,음식물쓰레기종량제,위탁관리,12,도포식,철근콘크리트구조,2000,단일계약,상주선임,R형,부스타방식,위탁관리,18,245,442,무,86,"관리사무소, 노인정, 보육시설, 어린이놀이터, 휴게시설, 자전거보관소, 기타",5~10분이내,경춘선,평내호평역,15~20분이내,관공서() 병원(예사랑치과의원) 대형상가() 공원(),초등학교(신촌초등학교) 중학교(장내중학교) 고등학교(평내고등학교)
A47287508,유진마젤란21,경기도 남양주시 평내동 551 유진마젤란21,분양,개별난방,69011,9,499,유진건설,"문화아파트 재건축조합,유진건설(주)",315951071,315951308,평내마젤란.apti.co.kr,아파트,경기도 남양주시 평내로 89,499,위탁관리,계단식,20051007,52907.91,66,433,0,0,40756.2452,4136010200,위탁관리,5,(주)동우개발,위탁관리,4,(주)승학,위탁관리,5,거점장비수거방식,위탁관리,12,독이식,철근콘크리트구조,2159,단일계약,상주선임,R형,부스타방식,위탁관리,14,550,371,무,65,"노인정, 어린이놀이터",5~10분이내,경춘선,NA,5~10분이내,관공서(남양주시청) 병원(예사랑치과의원) 대형상가(이마트),초등학교(장내초등학교) 중학교(장내중학교) 고등학교(평내고등학교)
A47287602,평내화성파크힐즈,경기도 남양주시 평내동 564 평내화성파크힐즈,분양,개별난방,46331.711,5,328,화성건설,화성건설,315118081,315118082,phph.aptner.com,아파트,경기도 남양주시 평내로 76,328,위탁관리,계단식,20041112,37261.76,0,328,0,0,27869.1104,4136010200,위탁관리,3,(주)아주관리,위탁관리,2,(주)에스원/태영그린,위탁관리,2,음식물쓰레기종량제,위탁관리,12,"도포식,분무식,독이식",철근콘크리트구조,1660,단일계약,상주선임,R형,부스타방식,위탁관리,10,163,279,무,90,"관리사무소, 노인정, 주민공동시설, 어린이놀이터, 커뮤니티공간, 자전거보관소",5분이내,경춘선,NA,5~10분이내,관공서() 병원() 대형상가() 공원(),초등학교(장내초등학교) 중학교(장내중학교) 고등학교(평내고등학교)
A47287716,평내금호어울림,경기도 남양주시 평내동 550 평내금호어울림,분양,개별난방,152690.11,17,924,금호산업(주),금호산업(주),315591470,315591471,평내금호어울림.apti.co.kr,아파트,경기도 남양주시 경춘로1256번길 24,924,위탁관리,계단식,20051121,106202.62,29,759,136,0,83142.9183,4136010200,위탁관리,8,에이제이대원 주식회사,위탁관리,7,에스원(주),위탁관리,10,차량수거방식,위탁관리,12,"분무식,기구부착식",철근콘크리트구조,2550,단일계약,상주선임,R형,부스타방식,위탁관리,29,85,1128,유,294,"관리사무소, 노인정, 보육시설, 문고, 주민공동시설, 어린이놀이터, 자전거보관소",5~10분이내,경춘선,평내호평역,5~10분이내,관공서(남양주소방서) 병원() 대형상가() 공원(평내2호공원),초등학교(장내초등학교) 중학교(장내중학교) 고등학교(평내고등학교)
A47287901,동원베네스트,경기도 남양주시 다산동 3395 동원베네스트,분양,개별난방,25762.206,5,196,동원산업개발,서주(주),315627141,315627142, ,아파트,경기도 남양주시 미금로 159,196,자치관리,계단식,20051102,20934.732,0,196,0,0,16649.08,4136011200,자치관리,3,NA,자치관리,2,NA,위탁관리,2,음식물쓰레기종량제,위탁관리,12,"도포식,분무식,독이식",철근콘크리트구조,800,단일계약,위탁선임,R형,부스타방식,위탁관리,7,86,117,무,60,"관리사무소, 노인정, 어린이놀이터, 자전거보관소",5~10분이내,NA,NA,15~20분이내,NA,초등학교(금교초등학교) 중학교(미금중학교)
A47288801,다산효성해링턴타워,경기도 남양주시 다산동 4434 다산효성해링턴타워,분양,개별난방,44284.23,2,234,진흥기업(주),한성건설(주),315510496,315510497,http://cafe.daum.net/majestowerlover,아파트,경기도 남양주시 경춘로 377,234,위탁관리,계단식,20100315,33704.1534,0,0,230,4,28302.7,4136011200,위탁관리,5,(주)덕우,위탁관리,6,(주)듀델코리아,위탁관리,4,차량수거방식,위탁관리,4,NA,철근콘크리트구조,1800,종합계약,상주선임,R형,부스타방식,위탁관리,6,181,230,유,107,"관리사무소, 노인정, 주민공동시설, 어린이놀이터, 휴게시설, 커뮤니티공간, 자전거보관소",5분이내,"경의중앙선, 경춘선",도농,5~10분이내,관공서(남양주시청) 병원(한양대부속병원) 백화점(롯데) 대형상가() 공원(황금산) 기타(종합운동장),"초등학교(도농초) 중학교(인창중,동화중) 고등학교(동화고)"
A47288802,도농사랑으로7단지 부영아파트,경기도 남양주시 다산동 4435 도농사랑으로7단지 부영아파트,임대+분양,개별난방,58938.8257,6,317,(주)부영주택,"남광,신우 재건축조합",315688456,315688457, ,아파트,경기도 남양주시 도농로 71,317,위탁관리,타워형,20131230,30374.5262,66,127,124,0,30374.4562,4136011200,위탁관리,5,우리관리(주),위탁관리,4,(주)국제안전시스템,위탁관리,3,차량수거방식,위탁관리,12,"도포식,분무식",철근콘크리트구조,1350,단일계약,상주선임,R형,부스타방식,위탁관리,10,0,479,무,95,"관리사무소, 노인정, 보육시설, 주민공동시설, 어린이놀이터, 자전거보관소",5~10분이내,경의중앙선,NA,NA,관공서(도농동주민센터) 대형상가(이마트) 기타(남양주시청),"초등학교(도농,금교) 중학교(미금) 고등학교(도농)"
A47288803,다산센트레빌,경기도 남양주시 다산동 4436 다산센트레빌,임대+분양,개별난방,81396.75,9,457,동부건설(주),도농3개통 주택재건축조합,315511651,315511653, ,아파트,경기도 남양주시 미금로 16,457,위탁관리,계단식,20161130,51304.63,102,251,104,0,39404.19,4136011200,위탁관리,5,남경종합관리(주),위탁관리,4,남경종합관리,위탁관리,5,음식물쓰레기종량제,위탁관리,12,NA,철근콘크리트구조,3108,종합계약,상주선임,R형,부스타방식,위탁관리,12,0,711,유,218,"관리사무소, 노인정, 보육시설, 문고, 주민공동시설, 어린이놀이터, 커뮤니티공간, 자전거보관소",5분이내,경의중앙선,도농역,10~15분이내,NA,NA
A47289903,평내우남퍼스트빌,경기도 남양주시 평내동 561 평내우남퍼스트빌,분양,개별난방,56619.241,6,378,우남건설,우남건설,315590987,315120987,평내우남퍼스트빌.ma-um.co.kr,아파트,NA,378,위탁관리,계단식,20040623,41240.78,0,378,0,0,32092.956,4136010200,위탁관리,4,(주)아주관리,위탁관리,4,(주)동남시큐리티,위탁관리,3,음식물쓰레기종량제,위탁관리,12,도포식,철근콘크리트구조,1200,단일계약,상주선임,R형,부스타방식,위탁관리,11,126,374,무,79,"관리사무소, 노인정, 어린이놀이터, 자전거보관소",5~10분이내,경춘선,NA,10~15분이내,관공서() 병원() 대형상가() 공원(),초등학교(장내초등학교) 중학교(장내중학교) 고등학교(평내고등학교)
A47291001,다산한신휴플러스,경기도 남양주시 다산동 4026-6 다산한신휴플러스,분양,개별난방,35766.9,2,270,한신공영주식회사,신신우 재건축 조합,315655253,315579288, ,아파트,경기도 남양주시 미금로56번길 19,270,위탁관리,혼합식,19991115,25396.8,110,160,0,0,19917.76,4136011200,위탁관리,4,서일개발(주),위탁관리,4,태양삼차원환경,위탁관리,2,차량수거방식,위탁관리,12,"도포식,분무식,기구부착식,기구설치식,독이식",철근콘크리트구조,700,종합계약,위탁선임,P형,부스타방식,위탁관리,7,28,223,무,47,"관리사무소, 노인정, 어린이놀이터",10~15분이내,NA,NA,NA,병원(동서울치과) 대형상가(LG하이프라자),초등학교(미금초등학교)
A47291002,도농부영애시앙,경기도 남양주시 다산동 4001-29 도농부영애시앙,임대+분양,개별난방,164034.72,4,364,부영주택,부영주택,315510961,315510968, ,주상복합,경기도 남양주시 도농로 24,364,위탁관리,계단식,20080521,64318,0,0,0,364,52352.8096,4136011200,위탁관리,5,부강주택관리(주),위탁관리,7,진명스탭스,위탁관리,4,음식물쓰레기종량제,위탁관리,4,NA,철근콘크리트구조,2500,종합계약,상주선임,R형,부스타방식,위탁관리,14,33,715,무,41,"관리사무소, 주민공동시설, 어린이놀이터",10~15분이내,경의중앙선,도농,5~10분이내,관공서(시청제2청사) 대형상가(이마트),초등학교(도농초) 중학교(미금중)
A47291003,도농롯데아파트,경기도 남양주시 다산동 4433 도농롯데아파트,분양,개별난방,102815.3,9,708,롯데건설,도농 남양타운 재건축조합,315510515,315510516, ,아파트,경기도 남양주시 미금로 24,708,위탁관리,계단식,20051031,76401.46,190,446,72,0,57552.18,4136011200,위탁관리,6,에이제이대원 주식회사,위탁관리,6,명원실업,위탁관리,7,음식물쓰레기종량제,위탁관리,19,도포식,철근콘크리트구조,2000,단일계약,상주선임,R형,부스타방식,위탁관리,19,97,640,유,132,"관리사무소, 노인정, 문고, 주민공동시설, 어린이놀이터, 커뮤니티공간, 자전거보관소, 기타",5~10분이내,경의중앙선,중앙선,15~20분이내,NA,초등학교() 중학교() 고등학교()
A47291304,"남양i-좋은집아파트 1,2,3단지","경기도 남양주시 다산동 4432 남양i-좋은집아파트 1,2,3단지",분양,개별난방,158457.969,12,1060,(주)남양건설,무진6개연립재건축조합,315681060,315631060,www.dnyi.net,아파트,경기도 남양주시 미금로57번길 20,1060,위탁관리,계단식,20050531,114788.94,94,867,99,0,88873.6554,4136011200,위탁관리,8,자이에스앤디(주),위탁관리,11,(주)예주산업,위탁관리,8,차량수거방식,위탁관리,4,"도포식,분무식,독이식",철근콘크리트구조,3950,단일계약,상주선임,P형,부스타방식,위탁관리,22,56,1146,무,291,"관리사무소, 노인정, 보육시설, 주민공동시설, 어린이놀이터, 자전거보관소",5~10분이내,경의중앙선,도농,10~15분이내,관공서(2) 병원(1) 백화점(1) 대형상가(1) 기타(2),초등학교(1) 중학교(1) 고등학교(1)
A47293511,평내효성,경기도 남양주시 평내동 87 평내효성,분양,개별난방,76288.488,7,607,동성,**,315920096,315920097,평내효성.ma-um.co.kr,아파트,경기도 남양주시 경춘로1350번길 34,607,위탁관리,계단식,19981231,63133.194,196,317,94,0,49481.04,4136010200,위탁관리,5,광인산업(주),위탁관리,6,(주)승학,위탁관리,6,차량수거방식,위탁관리,12,"도포식,분무식,기구부착식,독이식",철근콘크리트구조,1450,단일계약,상주선임,P형,고가수조식,위탁관리,18,165,451,무,75,"관리사무소, 노인정, 주민공동시설, 어린이놀이터, 자전거보관소",5분이내,경춘선,NA,5~10분이내,대형상가(하이마트),NA
A47295318,평내마을주공,경기도 남양주시 평내동 562 평내마을주공,분양,개별난방,101539.238,12,1050,풍림건설,한국토지개발공사,315593661,315593662,평내마을주공.ma-um.co.kr,아파트,NA,1050,위탁관리,계단식,20040702,87294.5068,1050,0,0,0,62534.42,4136010200,위탁관리,8,율산개발,위탁관리,8,(유)원광,위탁관리,8,음식물쓰레기종량제,위탁관리,12,분무식,철근콘크리트구조,2250,단일계약,상주선임,R형,부스타방식,위탁관리,27,659,454,무,154,"관리사무소, 노인정, 보육시설, 문고, 어린이놀이터, 자전거보관소",5~10분이내,NA,NA,NA,관공서() 병원() 공원(),초등학교(장내초등학교) 중학교(장내중학교) 고등학교(평내고등학교)
A47295415,호평현대아이파크,경기도 남양주시 호평동 612 호평현대아이파크,분양,개별난방,124314.243,12,920,현대산업개발,현대산업개발,315128300,315128302,cafe.daum.net/hpipark2014,아파트,경기도 남양주시 늘을3로 11,920,위탁관리,계단식,20041029,97832.4,0,920,0,0,75420.868,4136010100,위탁관리,8,광인산업(주),위탁관리,6,(주)아이원서비스,위탁관리,8,음식물쓰레기종량제,위탁관리,12,분무식,프리케스트콘크리트구조,2400,단일계약,상주선임,R형,부스타방식,위탁관리,25,350,858,무,205,"관리사무소, 노인정, 보육시설, 어린이놀이터, 기타",10~15분이내,경춘선,NA,10~15분이내,관공서(동사무소 등) 병원(소규모 의원) 백화점(이마트) 대형상가(할인마트(이마트)) 공원(근린공원),초등학교(판곡) 중학교(판곡) 고등학교(판곡)
A47295707,호평마을주공(624),경기도 남양주시 호평동 624 호평마을주공(624),국민임대,개별난방,37519,5,456,대명건설(주),한국토지주택공사,315598950,315598951,cafe.daum.net/hopyeongjugong20,아파트,경기도 남양주시 늘을1로 31,456,위탁관리,혼합식,20060414,37400.3016,456,0,0,0,23221.92,4136010100,위탁관리,5,(주)진광,위탁관리,4,(주)홈스웰,위탁관리,3,차량수거방식,위탁관리,12,"도포식,분무식",철근콘크리트구조,700,단일계약,상주선임,R형,부스타방식,위탁관리,10,266,173,무,36,"관리사무소, 노인정, 어린이놀이터",5~10분이내,경춘선,평내호평,5~10분이내,관공서(행정복지센터 등) 병원(소규모 의원) 대형상가(이마트) 공원(근린공원),초등학교(평내) 중학교(평내) 고등학교(호평)
A47295805,호평신명스카이뷰,경기도 남양주시 호평동 615 호평신명스카이뷰,분양,개별난방,65397.3643,7,399,신명닛시건설(주),신명주택건설(주),315116490,315116491, ,아파트,경기도 남양주시 늘을2로 90-36,399,위탁관리,계단식,20060602,51259.245,0,291,108,0,39000.3591,4136010100,위탁관리,5,국제경보산업(주),위탁관리,4,(주)태양삼차원환경,위탁관리,4,차량수거방식,위탁관리,4,"분무식,독이식",철근콘크리트구조,1500,종합계약,상주선임,R형,부스타방식,위탁관리,15,130,466,유,95,"관리사무소, 노인정, 어린이놀이터, 휴게시설, 자전거보관소",5분이내,경춘선,NA,10~15분이내,관공서(동사무소 등) 병원(소규모 의원) 백화점(이마트) 대형상가(할인마트(이마트)) 공원(근린공원),초등학교(평동) 중학교(호평) 고등학교(호평)
A10023749,유탑 트윈팰리스,경기도 구리시 수택동 481 유탑 트윈팰리스,분양,개별난방,0,NA,299, , ,315544799, , ,도시형 생활주택(주상복합),NA,NA,NA,NA,20220121,0,299,0,0,0,8714.784,4131010500,NA,NA,NA,NA,NA,NA,NA,NA,NA,NA,NA,NA,NA,NA,NA,NA,NA,NA,NA,0,NA,NA,NA,NA,NA,NA,NA,NA,NA,NA,NA
A10024182,구리수택행복주택아파트,경기도 구리시 수택동 852 구리수택행복주택아파트,임대,개별난방,38009.27,3,394,코오롱클로벌 주식회사,LH,315692223,315692224, ,NA,경기도 구리시 체육관로74번길 67,394,위탁관리,복도식,20210812,28514.394,394,0,0,0,10781.46,4131010500,위탁관리,7,신서림에스앤에스(주),위탁관리,2,(주)지원이지텍,위탁관리,4,거점장비수거방식,위탁관리,4,"도포식,독이식",철골콘크리트구조,1550,종합계약,상주선임,R형,부스타방식,위탁관리,10,300,200,무,130,"관리사무소, 노인정, 보육시설, 어린이놀이터, 자전거보관소",5분이내,NA,NA,20분초과,관공서(주민센터) 병원(구리한양대병원) 백화점() 공원(부양어린이공원),초등학교() 중학교() 고등학교()
A10024187,한양수자인구리역리버시티,경기도 구리시 수택동 889 한양수자인구리역리버시티,임대+분양,개별난방,55993.7713,7,410,한양(주),수택재건축정비조합,315544785,315544786, ,아파트,경기도 구리시 경춘로276번길 21,410,위탁관리,계단식,20210630,37882.4218,276,134,0,0,27664.1135,4131010500,위탁관리,5,남경종합관리(주),위탁관리,4,남경종합관리(주),위탁관리,4,음식물쓰레기종량제,위탁관리,12,"도포식,분무식",철골철근콘크리트구조,2510,종합계약,상주선임,R형,부스타방식,관리방식미정,13,5,452,유,166,"관리사무소, 노인정, 보육시설, 문고, 어린이놀이터, 커뮤니티공간, 자전거보관소",5분이내,경의중앙선,NA,5분이내,백화점(롯데백화점),NA
A10024681,이편한세상 인창어반포레아파트,경기도 구리시 인창동 320-2 이편한세상 인창어반포레아파트,임대+분양,개별난방,88448.993,7,632,대림산업(주),인창동 주택재개발정비사업조합,315522953,315522963, ,아파트,경기도 구리시 건원대로33번길 9,632,위탁관리,계단식,20200827,57383.295,416,216,0,0,41069.914,4131010300,위탁관리,6,우리관리(주),위탁관리,7,에스원,위탁관리,7,차량수거방식,위탁관리,12,독이식,철근콘크리트구조,2350,종합계약,상주선임,R형,부스타방식,위탁관리,15,0,741,유,285,"관리사무소, 노인정, 보육시설, 문고, 주민공동시설, 어린이놀이터, 휴게시설, 자전거보관소",5분이내,경의중앙선,구리역,5분이내,"관공서(구리시청, 인창동행정복지센터, 구리우체국, 구리 등기소, 구리 보건소, 구리 경찰서) 병원(한양대 구리병원) 백화점(롯데백화점) 대형상가(롯데마트) 공원(인창중앙공원)","초등학교(건원초등학교) 중학교(인창 중학교, 동구 중학교, 구리 중학교, 구리여자 중학교, 토평 중학교, 교문 중학교, 장자 중학교) 고등학교(인창 고등학교, 구리 고등학교, 구리여자 고등학교, 수택 고등학교, 토평 고등학교, 갈매 고등학교)"
A10024950,이룸넘버원리치안,경기도 구리시 갈매동 646 이룸넘버원리치안,분양,지역난방,9264.1246,1,206,(주)풍산건설,(주)이룸컴퍼니갈매지점,315715430,315715431, ,주상복합,경기도 구리시 갈매중앙로 70,206,위탁관리,복도식,20170310,9264.1246,206,0,0,0,3814.04,4131010100,위탁관리,2,(주)동우개발,위탁관리,2,NA,위탁관리,2,차량수거방식,위탁관리,12,분무식,철골철근콘크리트구조,950,종합계약,위탁선임,P형,부스타방식,위탁관리,4,12,155,무,32,관리사무소,5분이내,경춘선,갈매역,5~10분이내,관공서(갈매동 행정복지센터) 병원(구리 백병원) 백화점(구리 롯데백화점) 대형상가(모다아울렛) 공원(갈매중앙공원),초등학교(갈매초등학교 산마루초등학교) 중학교(갈매중학교) 고등학교(갈매고등학교)
A10025060,e-편한세상 수택 센트럴파크 아파트,경기도 구리시 수택동 437 e-편한세상 수택 센트럴파크 아파트,분양,개별난방,108786.956,10,733,"(대림산업,선원건설)","아시아 신탁,일화",315545336,315545337, ,아파트,경기도 구리시 안골로64번길 10,733,위탁관리,계단식,20200123,72621.8151,283,450,0,0,53837.188,4131010500,위탁관리,7,주식회사 한빛종합관리,위탁관리,7,(주)이엠피서비스,위탁관리,8,음식물쓰레기종량제,위탁관리,4,분무식,철골콘크리트구조,1950,종합계약,상주선임,GR형,부스타방식,위탁관리,18,0,921,유,276,"관리사무소, 노인정, 보육시설, 문고, 주민공동시설, 어린이놀이터, 휴게시설, 커뮤니티공간, 자전거보관소",5~10분이내,"8호선, 경의중앙선, 경의중앙선, 경춘선","구리역,갈매역",15~20분이내,관공서(구리시청) 병원(구리병원),NA
A10025318,인창공원 우림필유아파트,경기도 구리시 인창동 711 인창공원 우림필유아파트,분양,개별난방,24536.4405,2,121,우림건설(주),우림건설(주),315541661,315541662,인창공원우림필유.apti.co.kr,아파트,경기도 구리시 동구릉로66번길 14,121,위탁관리,계단식,20080922,18437.98,0,0,121,0,14715.657,4131010300,위탁관리,2,서림주택관리(주),자치관리(직영),3,서림주택관리(주),자치관리(직영),2,차량수거방식,위탁관리,12,"도포식,분무식",철근콘크리트구조,800,종합계약,선정안함,R형,부스타방식,위탁관리,3,0,214,유,49,"관리사무소, 노인정, 문고, 주민공동시설, 어린이놀이터, 커뮤니티공간, 자전거보관소",5~10분이내,경의중앙선,구리전철역,10~15분이내,"관공서( 구리시청,소방서,경찰서,주민센터,보건서,청소년수련관,인창공원관리소 ) 병원(구리한양대병원,요양병원) 백화점(구리역롯대) 공원(인창공원) 기타()",초등학교(인창초등학교) 중학교(인창중학교) 고등학교(토평고등학교)
A10026043,갈매6단지,경기도 구리시 갈매동 631 갈매6단지,임대+분양,지역난방,134389.3,10,1033,(주)케이씨씨건설,한국토지주택공사,315755062,315755064,www.gmswitzen.com,아파트,경기도 구리시 갈매중앙로 25,1033,위탁관리,계단식,20180830,134389.1345,481,552,0,0,74085.05,4131010100,위탁관리,9,(주)무림하우징,위탁관리,7,(주) 동성자산관리,위탁관리,10,차량수거방식,위탁관리,12,"도포식,분무식",철골철근콘크리트구조,3500,종합계약,상주선임,GR형,부스타방식,위탁관리,23,103,983,유,222,"관리사무소, 노인정, 보육시설, 문고, 주민공동시설, 어린이놀이터, 휴게시설, 커뮤니티공간, 자전거보관소",5분이내,경춘선,갈매역,10~15분이내,관공서(갈매행정복지센타) 대형상가(모다아울렛) 공원(),초등학교(갈매초등학교) 중학교(갈매중학교) 고등학교(갈매고등학교)
A10026269,우방아파트,경기도 구리시 인창동 480 우방아파트,분양,개별난방,15428.185,2,119,삼라건설,삼라건설,315681744,315681755, ,아파트,경기도 구리시 동구릉로159번길 30,119,위탁관리,계단식,20011227,12467.11,0,119,0,0,10089.3948,4131010300,위탁관리,2,서일개발(주),위탁관리,0,웅산산업개발(주),자치관리(직영),1,차량수거방식,위탁관리,12,"도포식,분무식",철골철근콘크리트구조,500,단일계약,상주선임,P형,부스타방식,위탁관리,4,35,93,무,40,"관리사무소, 노인정, 어린이놀이터",5분이내,경의중앙선,NA,5~10분이내,"병원(윤서병원, 구리한양대학병원) 백화점(롯데백화점) 대형상가(롯데마트) 공원(왕숙천, 인창중앙공원)",NA
A10026304,영풍마드레빌2차아파트,경기도 구리시 토평동 1011 영풍마드레빌2차아파트,분양,개별난방,10377099,2,83,영풍산업,영풍산업,315525802,315525882, ,아파트,경기도 구리시 검배로 132,83,위탁관리,계단식,20030903,8779.74,0,83,0,0,7046.617,4131010700,위탁관리,NA,(주)CM자산관리,NA,NA,NA,NA,NA,NA,NA,NA,NA,NA,NA,NA,NA,NA,NA,NA,NA,NA,NA,NA,NA,NA,5분이내,NA,NA,15~20분이내,NA,NA
A10026309,갈매역 아이파크,경기도 구리시 갈매동 596 갈매역 아이파크,분양,지역난방,219205.997,12,1196,네오밸류,현대산업개발,315749380,315749382, ,아파트,경기도 구리시 경춘북로 252,1196,위탁관리,계단식,20180427,137264.6804,0,1193,3,0,101651.4681,4131010100,위탁관리,9,(주)경진관리,위탁관리,8,(주)신화비엠씨,위탁관리,14,차량수거방식,위탁관리,12,분무식,철골철근콘크리트구조,4250,종합계약,상주선임,R형,부스타방식,위탁관리,27,192,1236,유,339,"관리사무소, 노인정, 보육시설, 주민공동시설, 어린이놀이터, 휴게시설, 커뮤니티공간, 자전거보관소",5~10분이내,경춘선,NA,5~10분이내,관공서() 대형상가() 공원(),초등학교() 중학교() 고등학교()
A10026703,갈매와이시티,경기도 구리시 갈매동 626 갈매와이시티,분양,지역난방,54895.9,5,382,요진건설,LH공사,315757132,315757134, ,아파트,경기도 구리시 갈매중앙로 45,382,위탁관리,계단식,20171110,40892.027,0,382,0,0,30333.52,4131010100,위탁관리,5,광인산업(주),위탁관리(직영+위탁),2,광인산업(주),위탁관리(직영+위탁),4,음식물쓰레기종량제,위탁관리,4,분무식,철골콘크리트구조,2250,단일계약,상주선임,GR형,부스타방식,위탁관리,9,45,411,유,115,"관리사무소, 노인정, 보육시설, 주민공동시설, 어린이놀이터, 커뮤니티공간, 자전거보관소",5~10분이내,경춘선,갈매역,5~10분이내,관공서() 병원() 공원(),초등학교() 중학교() 고등학교()
A10026724,구리 갈매 푸르지오아파트,경기도 구리시 갈매동 640 구리 갈매 푸르지오아파트,분양,지역난방,113760.5086,10,921,대우건설(주),DS네트웍스(주),315740921,315740923,구리갈매푸르지오.com,아파트,경기도 구리시 갈매중앙로 16,921,위탁관리,계단식,20171027,113760.5086,0,461,455,5,86555.624,4131010100,위탁관리,8,율산개발 유한회사,위탁관리,6,현대관리시스템,위탁관리,9,음식물쓰레기종량제,위탁관리,12,"도포식,분무식,기구부착식,독이식",철근콘크리트구조,4250,종합계약,상주선임,GR형,부스타방식,위탁관리,40,71,1314,유,256,"관리사무소, 노인정, 보육시설, 문고, 주민공동시설, 어린이놀이터, 휴게시설, 커뮤니티공간, 자전거보관소",5분이내,경춘선,갈매역,5~10분이내,"관공서(갈매주민센터) 병원(갈매보건지소, 서울의료원, 구리한양대병원) 백화점() 대형상가(별내이마트) 기타(갈매동 작은도서관, 국민은행(별내지점), 우리은행(별내지점),구리농협(갈매지점)기업은행(구리지점))","초등학교(갈매초등학교, 산마루 초등학교) 중학교(갈매중학교, 한별중학교, 한국삼육중학교) 고등학교(갈매고등학교, 한국삼육고등학교,)"
A10026867,구리갈매스타힐스,경기도 구리시 갈매동 651 구리갈매스타힐스,분양,지역난방,146431.27,12,1018,서희건설,LH,315714300,315714302, ,아파트,경기도 구리시 산마루로 46,1018,위탁관리,계단식,20170807,111741.1914,0,1018,0,0,81909.83,4131010100,위탁관리,8,우리관리(주),위탁관리,6,(주)동남시큐리티,위탁관리,10,음식물쓰레기종량제,위탁관리,12,"도포식,분무식,독이식",철골철근콘크리트구조,4950,단일계약,상주선임,GR형,부스타방식,위탁관리,53,107,1114,유,275,"관리사무소, 노인정, 보육시설, 문고, 주민공동시설, 어린이놀이터, 휴게시설, 유치원, 커뮤니티공간, 자전거보관소",5분이내,경춘선,갈매역,5~10분이내,"관공서(건강보험공단, lh 갈매사업단 등) 병원() 대형상가(모다아울렛) 공원(갈매중앙공원)",초등학교(산마루초등학교) 중학교(갈매중학교) 고등학교(갈매고등학교)
A10027267,구리갈매2단지,경기도 구리시 갈매동 569 구리갈매2단지,임대,지역난방,158526.19,14,1444,서한건설,한국토지주택공사,315741472,315717447,www.easthill2.com,아파트,NA,1444,위탁관리,계단식,20161101,117542.5519,1444,0,0,0,81543.95,4131010100,위탁관리,11,광인산업(주),위탁관리,6,쌍용개발,위탁관리,12,차량수거방식,위탁관리,4,독이식,철골철근콘크리트구조,5100,종합계약,상주선임,R형,부스타방식,위탁관리,39,126,1149,유,244,"관리사무소, 노인정, 보육시설, 문고, 어린이놀이터, 커뮤니티공간, 자전거보관소",5분이내,경춘선,NA,5~10분이내,관공서() 병원() 대형상가() 공원() 기타(),초등학교() 중학교()
A10027438,LH구리갈매1단지,경기도 구리시 갈매동 573 LH구리갈매1단지,국민임대,지역난방,114069.6068,8,1546,LH,(주)한양,315756951,315756953, ,아파트,경기도 구리시 갈매순환로 143,1546,위탁관리,복도식,20160701,114069.6068,1546,0,0,0,56919.7,4131010100,위탁관리,11,대한종합관리(주),위탁관리,4,주.승학,위탁관리,13,차량수거방식,위탁관리,4,"도포식,분무식",철근콘크리트구조,2850,단일계약,상주선임,R형,부스타방식,위탁관리,21,284,892,무,154,"관리사무소, 노인정, 문고, 주민공동시설, 어린이놀이터, 휴게시설, 유치원, 커뮤니티공간, 자전거보관소",5분이내,경춘선,NA,5~10분이내,관공서() 병원() 대형상가() 공원(),초등학교() 중학교() 고등학교()
A10027511,갈매더샵나인힐스,경기도 구리시 갈매동 665 갈매더샵나인힐스,분양,지역난방,125502.184,9,857,포스코건설,태릉피에프브이,315748394,315748396,9hills.co.kr,아파트,NA,857,위탁관리,계단식,20160615,93616.1393,0,857,0,0,70223.0365,4131010100,위탁관리,10,대원종합관리(주),위탁관리,7,(주)백송종합고나리,위탁관리,8,차량수거방식,위탁관리,12,"도포식,독이식",철골철근콘크리트구조,4750,단일계약,상주선임,GR형,부스타방식,위탁관리,19,65,959,유,288,"관리사무소, 노인정, 보육시설, 문고, 주민공동시설, 어린이놀이터, 휴게시설, 유치원, 커뮤니티공간, 자전거보관소",5분이내,경춘선,갈매역,10~15분이내,NA,NA
A10027574,한라비발디아파트,경기도 구리시 갈매동 109 한라비발디아파트,분양,지역난방,158511.12,14,1075,LH,(주)한라,315292485,315742487,www.gmhv.co.kr,아파트,경기도 구리시 갈매길 109,1075,위탁관리,계단식,20160504,157570.141,0,1075,0,0,88250.14,4131010100,위탁관리,9,(주)태룡에스디,위탁관리,8,한국보안,위탁관리,10,차량수거방식,위탁관리,12,"도포식,분무식,독이식",철근콘크리트구조,4000,단일계약,상주선임,R형,부스타방식,위탁관리,30,84,1210,유,262,"관리사무소, 노인정, 보육시설, 문고, 주민공동시설, 어린이놀이터, 휴게시설, 커뮤니티공간, 자전거보관소",5분이내,경춘선,갈매역,10~15분이내,대형상가(모다아울렛),초등학교(산마루초등학교) 중학교(갈매중학교)
A10027730,구리 더샵 그린포레 2단지,경기도 구리시 인창동 714 구리 더샵 그린포레 2단지,분양,개별난방,29052.771,3,171,포스코건설,포스코건설,315585507,315585558, ,아파트,경기도 구리시 인창2로 3,171,위탁관리,계단식,20150515,29052.771,0,167,4,0,14234.58,4131010300,위탁관리,3,(주)동우개발,위탁관리(총액관리제),2,NA,위탁관리(총액관리제),2,차량수거방식,위탁관리(총액관리제),4,분무식,철근콘크리트구조,1650,종합계약,상주선임,R형,부스타방식,위탁관리,6,0,188,유,88,"관리사무소, 노인정, 주민공동시설, 어린이놀이터, 휴게시설, 커뮤니티공간, 자전거보관소",5분이내,경의중앙선,구리역,5~10분이내,"관공서(구리경찰서, 구리세무서) 병원(한양대학병원) 공원() 기타()",초등학교(인창초등학교) 중학교() 고등학교()
A10027731,구리 더샵 그린포레1단지,경기도 구리시 인창동 713 구리 더샵 그린포레1단지,분양,개별난방,40428.59,4,236,포스코건설,포스코제1직장조합,315585504,315585505, ,아파트,경기도 구리시 인창2로 13,236,위탁관리,계단식,20150515,40428.586,0,233,3,0,20141.263,4131010300,위탁관리,4,(주)동우개발,위탁관리,4,(주)혜진종합관리,위탁관리,3,차량수거방식,위탁관리,4,분무식,철골철근콘크리트구조,2200,종합계약,상주선임,R형,부스타방식,위탁관리,13,0,282,유,110,"관리사무소, 노인정, 문고, 주민공동시설, 어린이놀이터, 휴게시설, 커뮤니티공간, 자전거보관소, 기타",5분이내,"경의중앙선, 경춘선",구리역,5~10분이내,NA,초등학교() 중학교() 고등학교()
A10027803,구리우림아파트,경기도 구리시 수택동 684-11 구리우림아파트,분양,개별난방,35398,3,266,우림건설(주),대한부동산신탁(주),315566765,25586768, ,아파트,경기도 구리시 이문안로155번길 21,266,위탁관리,혼합식,19990522,25084.35,128,138,0,0,19373.92,4131010500,위탁관리,10,대한종합관리(주),위탁관리,4,태양삼차원,자치관리(직영),2,음식물쓰레기종량제,위탁관리,4,NA,철근콘크리트구조,1100,종합계약,위탁선임,P형,부스타방식,위탁관리,12,246,34,무,30,NA,5분이내,NA,NA,15~20분이내,NA,NA
A10028044,구리태영데시앙아파트,경기도 구리시 수택동 888 구리태영데시앙아파트,분양,개별난방,42238.21,4,272,태영건설,태영건설,315669555,315662232, ,아파트,경기도 구리시 벌말로 185,272,위탁관리,계단식,20141125,41046.5,0,272,0,0,22740.22,4131010500,위탁관리,4,대원종합관리,위탁관리,4,대성종합관리(주),위탁관리,3,음식물쓰레기종량제,위탁관리,12,"도포식,분무식,독이식",철골철근콘크리트구조,1150,단일계약,상주선임,R형,부스타방식,위탁관리,7,14,328,유,86,"관리사무소, 노인정, 주민공동시설, 어린이놀이터, 자전거보관소",5분이내,"경의중앙선, 경의중앙선",NA,NA,"관공서(구리소방서, 경찰서, 세무서, 수택3동 우편취급소) 병원(백병원) 백화점(롯데백화점) 대형상가(밀알마트) 공원(토평공원,개맥이공원)","초등학교(수택초등학교) 중학교(수택중학교, 구리여자중학교) 고등학교(수택고등학교, 구리여자고등학교)"
A47101004,인창2차동문굿모닝힐,경기도 구리시 인창동 706 인창2차동문굿모닝힐,분양,개별난방,29930.095,4,209,동문건설(주),경문도시개발(주),315697338,315697339, ,아파트,경기도 구리시 동구릉로53번길 17,209,위탁관리,계단식,20070105,21846.704,0,209,0,0,17086.829,4131010300,위탁관리,4,서일개발(주),위탁관리,2,태양삼차원,위탁관리,2,기타,위탁관리,12,"분무식,독이식",철근콘크리트구조,700,단일계약,위탁선임,P형,부스타방식,위탁관리,7,37,183,무,82,"관리사무소, 노인정, 어린이놀이터, 자전거보관소",5분이내,NA,NA,NA,"관공서(시청,세무서) 병원(한양대구리병원 ) 대형상가(구리농산물도매시장) 공원(인창공원)",초등학교(인창초등) 중학교(인창중) 고등학교(인창고)
A47101007,인창1차동문굿모닝힐,경기도 구리시 인창동 707 인창1차동문굿모닝힐,분양,개별난방,45903.52,4,312,동문건설,동문건설,315550660,315550630,인창1차동문굿모닝힐.ma-um.co.kr,아파트,경기도 구리시 건원대로99번길 112,312,위탁관리,계단식,20070831,34036.3608,0,312,0,0,26515.5072,4131010300,위탁관리,4,우리관리주식회사,위탁관리,4,(주)태양삼차원환경,위탁관리,3,음식물쓰레기종량제,위탁관리,12,"도포식,분무식,기구부착식",철근콘크리트구조,950,단일계약,위탁선임,R형,부스타방식,위탁관리,7,54,269,무,126,"관리사무소, 노인정, 어린이놀이터, 자전거보관소, 기타",5분이내,경의중앙선,NA,5~10분이내,병원(한양대 구리병원) 백화점(엘지백화점) 공원(인창공원),초등학교(동구초등) 중학교(인창중등학교) 고등학교(인창고등학교)
A47102001,교문장자마을동양,경기도 구리시 교문동 825 교문장자마을동양,분양,개별난방,36436.15,3,212,동양메이저(주)건설부문,동양메이저(주)건설부문,315554504,315125454,장자마을동양.ma-um.co.kr,아파트,경기도 구리시 장자대로 66,212,위탁관리,계단식,20010831,32238.0132,0,0,212,0,25178.112,4131010400,위탁관리,4,대한종합관리(주),자치관리(직영),2,대한종합관리(주),위탁관리,2,차량수거방식,위탁관리,12,"도포식,분무식",철근콘크리트구조,950,단일계약,위탁선임,P형,고가수조식,위탁관리,5,170,183,무,73,"관리사무소, 노인정, 어린이놀이터, 자전거보관소",5분이내,경의중앙선,구리,15~20분이내,관공서(구리시청) 병원(한양대구리) 백화점(롯데) 공원(장자호수 공원),"초등학교(장자) 중학교(장자) 고등학교(구리,수택)"
A47102002,교문금호어울림,경기도 구리시 교문동 828 교문금호어울림,분양,개별난방,51017.46,6,276,금호산업(주),감사원조합,315544321,315544322,교문금호어울림.ma-um.co.kr,아파트,경기도 구리시 아차산로487번길 10,276,위탁관리,계단식,20090421,24804.5952,0,228,48,0,24804.5952,4131010400,위탁관리,4,세화종합관리,위탁관리,3,웅산산업,위탁관리,3,음식물쓰레기종량제,위탁관리,12,"도포식,분무식",철근콘크리트구조,1900,단일계약,상주선임,R형,부스타방식,위탁관리,12,0,365,유,94,"관리사무소, 노인정, 주민공동시설, 어린이놀이터, 휴게시설, 커뮤니티공간, 자전거보관소",5분이내,경의중앙선,NA,10~15분이내,"관공서(구리시청,구리소방서,구리경찰서,남양주세무서,한국전력공사) 병원(한양대구리병원) 백화점(롯데백화점)","초등학교(교문초,도림초) 중학교(삼육중) 고등학교(삼육고)"
A47102003,아차산어울림아파트,경기도 구리시 교문동 487-27 아차산어울림아파트,분양,개별난방,56914.089,7,299,금호건설(주),교문조합,315551182,315551183,아차산어울림.apti.co.kr,아파트,경기도 구리시 아차산로487번길 27,299,위탁관리,계단식,20100924,35896.689,0,288,0,11,26234.7532,4131010400,위탁관리,4,한국주택시설관리,위탁관리,4,(주)승학,위탁관리,3,음식물쓰레기종량제,위탁관리,12,NA,철근콘크리트구조,2250,종합계약,상주선임,GR형,부스타방식,위탁관리,15,3,457,유,155,"관리사무소, 노인정, 주민공동시설, 어린이놀이터, 커뮤니티공간, 자전거보관소",5~10분이내,경의중앙선,중앙,NA,관공서(구리시청) 병원(한양대의료원),초등학교(교문초)
A47102207,"구리교문(대우,동양고속)","경기도 구리시 교문동 809-3 구리교문(대우,동양고속)",분양,개별난방,85239.12,8,680,"대우, 동양고속","대우,동양고속",315528767,315528766,구리교문.ma-um.co.kr,아파트,경기도 구리시 장자대로37번길 20,680,위탁관리,혼합식,19941026,77170.2,0,460,220,0,59979.06,4131010400,위탁관리,7,광인산업,위탁관리,5,아이원써비스,위탁관리,7,거점장비수거방식,위탁관리,12,"도포식,분무식,독이식",철근콘크리트구조,2200,단일계약,상주선임,P형,고가수조식,위탁관리,16,742,100,무,122,"관리사무소, 노인정, 주민공동시설, 어린이놀이터, 휴게시설, 자전거보관소, 기타",5분이내,경의중앙선,구리역,NA,관공서(구리시청) 병원(한양대구리) 백화점(엘지) 공원(장자못호수),"초등학교(백문) 중학교(교문) 고등학교(구리,삼육)"
A47103001,하이스트빌아파트,경기도 구리시 수택동 506-9 하이스트빌아파트,분양,개별난방,25495.08,1,175,(주)테라 더 디벨로퍼,(주)테라 더 디벨로퍼,315554304,315554306, ,주상복합,경기도 구리시 검배로 55,175,위탁관리,복도식,20080425,21339.324,97,78,0,0,10070.02,4131010500,위탁관리,2,대원종합관리(주),위탁관리,2,(주)태양삼차원환경,위탁관리,2,음식물쓰레기종량제,위탁관리,12,"도포식,분무식",철근콘크리트구조,750,단일계약,위탁선임,기타,부스타방식,위탁관리,6,0,120,유,31,"관리사무소, 주민공동시설",5~10분이내,NA,NA,NA,관공서(구리시청) 병원(한양대구리병원) 백화점(GS백화점),초등학교(구리초) 중학교(인창중) 고등학교(인창고)
A47103002,수택성원상떼빌,경기도 구리시 수택동 482-2 수택성원상떼빌,분양,개별난방,28940.56,1,182,진솔주택,주식회사 성원산업개발,315687902,315687903,성원상떼빌.ma-um.co.kr,주상복합,경기도 구리시 원수택로64번길 9,182,위탁관리,혼합식,20061031,18893.32,34,34,114,0,14810.726,4131010500,위탁관리,2,(주)라이프종합관리,자치관리(직영),2,(주)태양삼차원환경,자치관리(직영),2,음식물쓰레기종량제,위탁관리,12,분무식,철근콘크리트구조,600,단일계약,위탁선임,R형,부스타방식,위탁관리,4,0,216,유,55,"관리사무소, 노인정, 주민공동시설, 자전거보관소",5~10분이내,경의중앙선,구리(중앙선),5~10분이내,관공서(구리시종합체육관) 병원(구리한양대학교병원) 대형상가(롯데백화점),초등학교(구리초교) 중학교(구리여중) 고등학교(구리여고)
A47103004,수택남양아이좋은집,경기도 구리시 수택동 550 수택남양아이좋은집,분양,개별난방,43602.59,5,319,남양건설,남양건설,315683646,315163646,남양아이좋은집.ma-um.co.kr,아파트,경기도 구리시 경춘로276번길 67-40,319,위탁관리,계단식,20041130,31959.14,105,214,0,0,24302.9503,4131010500,위탁관리,4,대한종합관리(주),위탁관리,2,동부이앤피,위탁관리,2,음식물쓰레기종량제,위탁관리,12,"도포식,분무식",철근콘크리트구조,1650,단일계약,상주선임,R형,부스타방식,위탁관리,8,69,253,무,66,"관리사무소, 노인정, 주민공동시설, 어린이놀이터, 유치원, 자전거보관소",5~10분이내,경의중앙선,구리역,5~10분이내,관공서(구리시청) 병원(한양대학병원) 백화점(롯데백화점) 대형상가(롯데마트.) 공원(구리한강시민공원),"초등학교(구리초등학교) 중학교(구리여중) 고등학교(구리여고,수택고)"
A47103005,금호베스트빌2차아파트,경기도 구리시 수택동 877 금호베스트빌2차아파트,분양,개별난방,98906,6,498,금호건설,구리시,315160012,315587997,금호베스트빌2차.ma-um.co.kr,아파트,경기도 구리시 장자호수길 77,498,위탁관리,계단식,20010831,85085.68,0,0,378,120,66676.631,4131010500,위탁관리,6,우리관리(주),위탁관리,12,현대관리시스템,위탁관리,5,NA,위탁관리,4,NA,철근콘크리트구조,2100,종합계약,선정안함,P형,고가수조식,위탁관리,12,369,592,유,100,NA,5분이내,1호선,구리,20분초과,관공서(구리시청) 공원(장자호수공원),초등학교(부양초등학교) 중학교(구리중학교) 고등학교(구리고등학교)
A47103006,구리토평주공,경기도 구리시 수택동 879 구리토평주공,분양,개별난방,65374.27,9,693,(주)금호건설,대한주택공사,315583201,315585201,http://cafe.daum.net/wooriapart,아파트,경기도 구리시 벌말로 226,693,위탁관리,혼합식,20020503,65218.1989,693,0,0,0,40303.48,4131010500,위탁관리,6,우리관리(주),위탁관리,8,(주)태양삼차원환경,위탁관리,5,차량수거방식,위탁관리,12,분무식,철근콘크리트구조,2030,단일계약,상주선임,R형,고가수조식,위탁관리,19,347,348,유,120,"관리사무소, 노인정, 보육시설, 어린이놀이터, 휴게시설, 자전거보관소",5분이내,경의중앙선,구리,15~20분이내,관공서(구리시청) 병원(강일의원) 백화점(롯데백화점) 대형상가(삼성디지털프라자),"초등학교(구리초등학교) 중학교(구리여중) 고등학교(구리여고,수택고)"
A47103007,반석블레스,경기도 구리시 수택동 471 반석블레스,분양,개별난방,10716.2242,1,80,반석종합건설,원일빌라재건축조합,315623132,315623132, ,아파트,경기도 구리시 원수택로64번길 14,80,위탁관리,계단식,20080609,8146.88,8,72,0,0,6446.5912,4131010500,위탁관리,1,(주)라이프종합관리,자치관리(직영),0,라이프종합관리(주),자치관리(직영),1,음식물쓰레기종량제,위탁관리,4,분무식,철골철근콘크리트구조,400,종합계약,위탁선임,R형,부스타방식,위탁관리,3,40,40,무,13,"관리사무소, 어린이놀이터, 자전거보관소",5~10분이내,NA,NA,NA,병원(백병원) 백화점(GS스퀘어백화점) 대형상가(남양시장),"초등학교(구리초,) 중학교(구리중,토평중) 고등학교(구리고,토평고)"
A47103101,영풍마드레빌1차아파트,경기도 구리시 수택동 885 영풍마드레빌1차아파트,분양,개별난방,33169.59,3,251,영풍건설,영풍건설,315661110,315166006,영풍마드레빌1차아파트.ma-um.co.kr,아파트,경기도 구리시 벌말로 226-6,251,위탁관리,계단식,20031231,27427.8,38,170,43,0,21452.49,4131010500,위탁관리,9,(주)무림하우징,위탁관리(직영+위탁),2,NA,위탁관리(직영+위탁),3,음식물쓰레기종량제,위탁관리,12,분무식,철근콘크리트구조,800,종합계약,위탁선임,GR형,부스타방식,위탁관리,6,101,169,무,52,"관리사무소, 노인정, 어린이놀이터, 자전거보관소",5분이내,경의중앙선,구리역,20분초과,"관공서(구리시청, 구리경찰서) 백화점(롯데백화점) 대형상가(삼성디지털프라자)","초등학교(구리초등학교) 중학교(구리여중) 고등학교(구리여고,수택고)"
A47103203,대림한숲,경기도 구리시 수택동 854 대림한숲,분양,개별난방,86175.222,5,956,대림산업주식회사,대림산업주식회사,315532472,315631817, ,아파트,경기도 구리시 체육관로 72,956,위탁관리,혼합식,19950814,78794.472,540,416,0,0,56959.68,4131010500,위탁관리,7,남경종합관리(주),위탁관리,12,(주)을지종합관리,위탁관리,7,음식물쓰레기종량제,위탁관리,4,"도포식,분무식,독이식",철근콘크리트구조,2250,단일계약,상주선임,P형,부스타방식,위탁관리,14,462,273,무,100,"관리사무소, 노인정, 주민공동시설, 어린이놀이터, 자전거보관소",5분이내,경의중앙선,구리,20분초과,관공서(구리시청) 병원(현대치과) 대형상가(삼성디지털프라자) 공원(장자호수공원),초등학교(부양초등학교) 중학교(구리중학교) 고등학교(구리고등학교)
A47103301,수택한성3차,경기도 구리시 수택동 854-3 수택한성3차,분양,개별난방,21191.66,2,240,한성건설,한성,315567522,315547522,한성3차.ma-um.co.kr,아파트,경기도 구리시 체육관로 40,240,위탁관리,계단식,19941001,19834.8,240,0,0,0,14332.8,4131010500,위탁관리,4,서일개발,위탁관리,4,웅산산업개발,위탁관리,2,차량수거방식,위탁관리,12,"도포식,분무식",철근콘크리트구조,700,종합계약,위탁선임,P형,부스타방식,위탁관리,6,80,74,무,63,"관리사무소, 노인정, 보육시설, 어린이놀이터, 자전거보관소",5분이내,경의중앙선,구리,20분초과,관공서(구리시청) 병원(구리한양대학교병원) 백화점(롯대백화점) 공원(장자호수공원),초등학교(부양초등학교) 중학교(구리중학교) 고등학교(구리고등학교)
A47170401,수택금호어울림,경기도 구리시 수택동 542 수택금호어울림,분양,개별난방,17704209,4,138,금호건설,성림연립 재건축주택 정비사업조합,315525842,315525841, ,아파트,경기도 구리시 경춘로276번길 66,138,위탁관리,계단식,20061130,13525.84,0,138,0,0,10385.858,4131010500,위탁관리,2,NA,자치관리,2,NA,자치관리,1,차량수거방식,위탁관리,12,"도포식,분무식",철근콘크리트구조,675,종합계약,위탁선임,P형,고가수조식,위탁관리,5,20,118,유,30,"관리사무소, 노인정, 어린이놀이터",5~10분이내,"경의중앙선, 경의중앙선",구리역,5~10분이내,관공서() 백화점() 공원(),초등학교()
A47170708,교문우성한양,경기도 구리시 교문동 809-2 교문우성한양,분양,개별난방,74933.926,8,682,"우성,한양","우성(주), 한양(주)",315579555,315533733,우성한양.ma-um.co.kr,아파트,경기도 구리시 체육관로 47,682,위탁관리,혼합식,19940726,74933.926,0,456,226,0,58544.96,4131010400,위탁관리,7,우리관리(주),위탁관리,8,태양삼차원환경,위탁관리,7,차량수거방식,위탁관리,4,"분무식,독이식",철근콘크리트구조,1750,단일계약,상주선임,P형,부스타방식,위탁관리,16,478,354,무,30,"관리사무소, 노인정, 주민공동시설, 어린이놀이터, 휴게시설",5분이내,분당선,구리,20분초과,관공서(구리시청) 병원(한양대구리) 백화점(엘지) 공원(장자못호수),"초등학교(백문) 중학교(교문) 고등학교(구리,삼육)"
A47170801,구리덕현,경기도 구리시 교문동 808 구리덕현,분양,개별난방,141425.191,12,1077,"현대산업개발(주), 경남기업(주), 동성(주)","현대산업개발(주), 경남기업(주), 동성(주)",315540158,315530159,구리덕현아파트.ma-um.co.kr,아파트,경기도 구리시 장자대로37번길 55,1077,위탁관리,혼합식,19931215,123632.49,0,753,324,0,97561.62,4131010400,위탁관리,9,우리관리(주),위탁관리,14,태양삼차원환경,위탁관리,10,거점장비수거방식,위탁관리,12,"도포식,분무식",철근콘크리트구조,2400,단일계약,상주선임,R형,부스타방식,위탁관리,24,679,622,무,200,"관리사무소, 노인정",5분이내,경의중앙선,구리역,20분초과,관공서(구리시청) 병원(한양대구리) 백화점(롯데백화점) 대형상가(롯데마트) 공원(장자못호수),"초등학교(교문,백문) 중학교(구리,교문) 고등학교(구리,삼육)"
A47170902,구리동방,경기도 구리시 교문동 1-8 구리동방,분양,개별난방,38280.09,2,307,동방티엔씨(주),구리동방주택조합,315537679,315535236, ,아파트,경기도 구리시 체육관로 124,307,위탁관리,계단식,19980624,29285.15,139,168,0,0,22590.63,4131010400,위탁관리,4,우리관리(주),위탁관리,4,인덕종합관리(주),위탁관리,3,음식물쓰레기종량제,위탁관리,12,분무식,철근콘크리트구조,985,단일계약,위탁선임,R형,고가수조식,위탁관리,8,92,229,무,64,"관리사무소, 노인정, 어린이놀이터",5~10분이내,분당선,NA,NA,관공서(구리시청) 병원(한양대구리병원) 백화점(엘지백화점) 공원(교문제3호어린이공원),초등학교(교문초등학교) 중학교(구리중학교) 고등학교(구리교등학교)
A47171004,교문두산,경기도 구리시 교문동 766 교문두산,분양,개별난방,35026.404,14,434,두산건설(주),두산건설(주),315512191,315512090,구리두산.aptgate.co.kr,아파트,경기도 구리시 체육관로113번길 45,434,위탁관리,계단식,19910513,35026.404,434,0,0,0,26035.66,4131010400,위탁관리,4,대한종합관리(주),자치관리(직영),7,NA,자치관리(직영),4,음식물쓰레기종량제,위탁관리,4,"도포식,분무식,독이식",철근콘크리트구조,104,종합계약,위탁선임,기타,수도직결식,NA,NA,212,0,무,24,"관리사무소, 노인정, 어린이놀이터, 자전거보관소",5분이내,분당선,구리역,20분초과,관공서(구리시청) 병원(한양대구리) 백화점(엘지) 공원(장자호수),"초등학교(교문,백문) 중학교(구리,교문) 고등학교(구리,삼육)"
A47171503,교문일성,경기도 구리시 교문동 767 교문일성,분양,개별난방,40138.98,2,330,일성건설,일성건설(주),315560531,315560530, ,아파트,경기도 구리시 체육관로 110,330,위탁관리,계단식,19990520,34472.7196,110,176,44,0,27425.2,4131010400,위탁관리,4,대한종합관리(주),위탁관리,4,듀델코리아,자치관리(직영),3,음식물쓰레기종량제,위탁관리,12,"분무식,독이식",철근콘크리트구조,930,단일계약,위탁선임,P형,고가수조식,위탁관리,8,143,196,무,84,"관리사무소, 노인정, 어린이놀이터, 휴게시설, 자전거보관소",5분이내,경의중앙선,구리역,20분초과,"관공서(구리시청, 구리시의회, 구리경찰서, 구리소방서, 남양주세무서) 병원(한양대구리병원, 원진녹색병원) 백화점(롯데백화점) 대형상가(구리농수산물도매시장) 공원(장자호수공원) 기타(구리시장, 남양시장)","초등학교(교문,백문) 중학교(구리,교문) 고등학교(구리,삼육)"
A47171609,구리하나,경기도 구리시 교문동 809-1 구리하나,분양,개별난방,72443.04,10,686,"유원건설, (주)한성","유원건설, (주)한성",315579212,315578891,하나.ma-um.co.kr,아파트,경기도 구리시 체육관로 69,686,위탁관리,계단식,19940716,60884.484,0,472,214,0,60884.484,4131010400,위탁관리,7,우리관리(주),위탁관리,9,태양삼차원환경(주),위탁관리,6,음식물쓰레기종량제,위탁관리,4,분무식,철근콘크리트구조,1600,단일계약,상주선임,P형,부스타방식,위탁관리,18,523,307,무,100,"관리사무소, 노인정, 어린이놀이터, 자전거보관소",5분이내,NA,NA,20분초과,관공서(구리시청) 병원(한양대구리) 백화점(엘지) 공원(장자못호수),초등학교(백문) 중학교(교문) 고등학교(구리)
A47171712,교문한가람,경기도 구리시 교문동 809 교문한가람,분양,개별난방,90038,8,712,"럭키개발, 대림산업","럭키개발, 대림산업",315550227,315550228, ,아파트,NA,712,위탁관리,계단식,19941207,79601.84,0,496,216,0,62007.84,4131010400,위탁관리,7,(주)미래에이비엠,위탁관리,8,아이원서비스,위탁관리,6,음식물쓰레기종량제,위탁관리,6,분무식,철근콘크리트구조,2150,단일계약,상주선임,P형,부스타방식,위탁관리,20,465,417,무,112,"관리사무소, 노인정, 보육시설, 어린이놀이터, 유치원, 자전거보관소",5분이내,분당선,구리,20분초과,관공서(구리시청) 병원(한양대구리) 백화점(롯데) 공원(장자못호수),"초등학교(교문,백문) 중학교(교문, 구리) 고등학교(구리,삼육)"
A47171806,교문한성1차,경기도 구리시 교문동 766-1 교문한성1차,분양,개별난방,48616.6,16,490,한성종합건설(주),한성종합건설(주),315692940,315692941,구리한성1차아파트.apti.co.kr/,아파트,경기도 구리시 이문안로 51,490,위탁관리,계단식,19901224,44460.8,0,490,0,0,38345.1,4131010400,위탁관리,5,대한종합관리(주),위탁관리(직영+위탁),6,대한종합관리(주),위탁관리,4,차량수거방식,위탁관리,12,"도포식,분무식,기구부착식",철근콘크리트구조,78,기타,위탁선임,기타,수도직결식,NA,NA,460,0,무,84,"관리사무소, 노인정, 어린이놀이터",5분이내,경의중앙선,구리역,20분초과,관공서(구리시청) 병원(한양대구리) 백화점(엘지) 공원(교문제3호어린이공원),"초등학교(교문,백문) 중학교(교문,삼육) 고등학교(구리,삼육)"
A47172602,성림빌라,경기도 구리시 인창동 292-1 성림빌라,분양,개별난방,0,NA,99, , ,315568280,315568280, ,연립주택,NA,NA,자치관리,계단식,NA,0,0,96,3,0,8019.09,4131010300,자치관리,NA,NA,NA,NA,NA,NA,NA,NA,NA,NA,NA,NA,NA,NA,NA,NA,NA,NA,NA,NA,NA,NA,NA,NA,NA,NA,NA,NA,NA,NA
A47172702,일신건영2차,경기도 구리시 인창동 487-51 일신건영2차,분양,개별난방,28060.7,2,189,일신건영,일신건영,315581579,315581579, ,아파트,경기도 구리시 동구릉로85번길 52,189,위탁관리,계단식,20010928,21144.03,40,109,40,0,15381.395,4131010300,위탁관리,3,대한종합관리,위탁관리,2,예주산업,위탁관리,2,거점장비수거방식,위탁관리,12,NA,철근콘크리트구조,750,종합계약,위탁선임,P형,부스타방식,위탁관리,6,23,184,무,60,"관리사무소, 노인정, 어린이놀이터, 휴게시설, 자전거보관소",5분이내,경의중앙선,구리,20분초과,관공서(구리시청) 병원(한양대구리병원) 백화점(LG백화점) 대형상가(롯데마트) 공원(인창공원),"초등학교(동인초등학교, 건원초등학교) 중학교(동구중학교, 인창중학교) 고등학교(인창고등학교)"
A47172715,인창건영,경기도 구리시 인창동 474 인창건영,분양,개별난방,60353.758,5,573,건영건설,구리지역 연합주택조합,315570851,315665004,www.icky.co.kr,아파트,경기도 구리시 동구릉로 151,573,위탁관리,계단식,19940708,60353.758,0,573,0,0,46030.42,4131010300,위탁관리,5,서일개발,위탁관리,8,웅산산업개발,위탁관리,5,음식물쓰레기종량제,위탁관리,12,"도포식,분무식",철근콘크리트구조,1250,단일계약,상주선임,P형,부스타방식,위탁관리,22,155,98,무,96,"관리사무소, 노인정, 유치원, 자전거보관소",5분이내,경의중앙선,구리,20분초과,"관공서(구리시청) 병원(한양대구리병원) 백화점(LG백화점) 대형상가(롯데마트) 공원(인창공원) 기타(동구릉, 구리농수산물시장, 구리롯데마트, 구리롯데아울렛, 구리롯데시네마)","초등학교(동구초등교,구지초등교) 중학교(인창중교,동구중교)"
A47173421,인창삼보,경기도 구리시 인창동 665-1 인창삼보,분양,개별난방,141553.67,13,906,삼보종합건설,삼보종합건설,315636190,315636190,인창삼보.apti.co.kr,아파트,경기도 구리시 건원대로 56,906,위탁관리,계단식,19961107,118402.98,0,0,906,0,93924,4131010300,위탁관리,8,(주)신원티엠씨(TMC),위탁관리,10,한국보안컨설팅(주),위탁관리,10,음식물쓰레기종량제,위탁관리,4,"도포식,분무식",철근콘크리트구조,2850,단일계약,상주선임,P형,부스타방식,위탁관리,24,448,677,무,142,"관리사무소, 노인정, 어린이놀이터, 휴게시설, 자전거보관소",5분이내,경의중앙선,구리역,5~10분이내,관공서(구리시청) 병원(한양대구리병원) 백화점(롯데백화점) 대형상가(롯데마트) 공원(인창공원),"초등학교(동구초등교,구지초등교) 중학교(인창중교,동구중교) 고등학교(인창고등학교)"
A47173513,삼환신일아파트,경기도 구리시 인창동 667-1 삼환신일아파트,분양,개별난방+기타,89789.53,10,552,"삼환기업,신일건업(주)",삼환기업(주).신일건업(주),315655104,315655704, ,아파트,경기도 구리시 건원대로34번길 51,552,위탁관리,계단식,19961116,75381.752,0,0,552,0,60083.44,4131010300,위탁관리,6,대한종합관리(주),위탁관리,12,한국보안컨설팅,위탁관리,6,차량수거방식,위탁관리,12,"도포식,분무식,독이식",철근콘크리트구조,2200,단일계약,상주선임,P형,부스타방식,위탁관리,16,284,485,무,72,"관리사무소, 노인정, 주민공동시설, 어린이놀이터, 휴게시설, 자전거보관소",5분이내,경의중앙선,구리,5분이내,관공서(구리시청) 병원(한양대구리병원) 백화점(LG백화점) 대형상가(롯데마트) 공원(인창공원),"초등학교(동구초등교,구지초등교) 중학교(인창중교,동구중교) 고등학교(인창고등학교)"
A47173605,인창삼호,경기도 구리시 인창동 590 인창삼호,분양,개별난방,20035,2,231,성진산업개발,성진산업개발,315514407,315554408, ,아파트,경기도 구리시 응달말로40번길 13,231,위탁관리,복도식,19911025,19507.74,129,102,0,0,15582.42,4131010300,위탁관리,3,(주)동우개발,위탁관리,4,(주)혜진종합관리,위탁관리,2,차량수거방식,위탁관리,4,"도포식,분무식,기구부착식",철근콘크리트구조,650,단일계약,위탁선임,P형,부스타방식,위탁관리,5,73,0,무,26,"관리사무소, 노인정, 자전거보관소",5~10분이내,"분당선, 경의중앙선",구리,10~15분이내,관공서(구리시청) 병원(한양대구리병원) 백화점(LG백화점) 대형상가(롯데마트) 공원(인창공원),"초등학교(동구초등교,구지초등교) 중학교(인창중교,동구중교)"
A47173703,인창아름마을성원,경기도 구리시 인창동 528-1 인창아름마을성원,분양,개별난방,24324.99,3,190,주)성원산업개발,(주)성원산업개발,315531235,315131237,아름마을성원.ma-um.co.kr,아파트,경기도 구리시 동구릉로53번길 87,190,위탁관리,계단식,19990730,19262.28,66,124,0,0,14465.7,4131010300,위탁관리,2,(주)두온종합관리,위탁관리,4,(주)태양삼차원환경,위탁관리,2,음식물쓰레기종량제,위탁관리,12,"도포식,독이식",철근콘크리트구조,650,단일계약,위탁선임,P형,고가수조식,위탁관리,5,49,136,무,40,"관리사무소, 노인정, 어린이놀이터, 휴게시설, 자전거보관소",5~10분이내,경의중앙선,구리,20분초과,관공서(구리시청) 병원(한양대구리병원) 백화점(LG백화점) 대형상가(롯데마트) 공원(인창공원),"초등학교(동구초등교,구지초등교) 중학교(인창중교,동구중교)"
A47173918,인창아름마을원일,경기도 구리시 인창동 651-27 인창아름마을원일,분양,개별난방,103787.77,5,777,원일건설,원일건설,315636558,315636559, ,아파트,경기도 구리시 동구릉로85번길 17,777,위탁관리,혼합식,19981031,87334.344,254,388,0,135,68494.9,4131010300,위탁관리,7,(주)동우개발,위탁관리,10,태양삼차원,위탁관리,6,음식물쓰레기종량제,위탁관리,8,기구부착식,철근콘크리트구조,455,단일계약,상주선임,P형,고가수조식,위탁관리,19,329,555,무,148,"관리사무소, 노인정, 주민공동시설, 어린이놀이터, 자전거보관소",5~10분이내,경의중앙선,구리,20분초과,관공서(구리시청) 병원(한양대구리병원) 백화점(LG백화점) 대형상가(롯데마트) 공원(인창공원),"초등학교(동구초등교,구지초등교) 중학교(인창중교,동구중교)"
A47174108,인창아름마을일신건영1차,경기도 구리시 인창동 487-32 인창아름마을일신건영1차,분양,개별난방,65585.8,5,441,일신건영(주),일신건영(주),315565257,315575258, ,아파트,경기도 구리시 동구릉로 93,441,위탁관리,계단식,19990112,51758.53,145,164,132,0,40439.88,4131010300,위탁관리,5,에이제이대원 주식회사,위탁관리,6,(주)태양삼차원환경,위탁관리,5,차량수거방식,위탁관리,12,분무식,철근콘크리트구조,1250,단일계약,상주선임,R형,부스타방식,위탁관리,24,122,406,유,129,"관리사무소, 노인정, 어린이놀이터, 자전거보관소",5분이내,"1호선, 경의중앙선",구리,20분초과,관공서(구리시청) 병원(한양대구리병원) 백화점(LG백화점) 대형상가(롯데마트) 공원(인창공원),"초등학교(동구초등교,구지초등교) 중학교(인창중교,동구중교)"
A47174224,인창1단지주공아파트,경기도 구리시 인창동 663-1 인창1단지주공아파트,분양,중앙난방,108659.61,15,1344,대한주택공사,대한주택공사,315662262,315662263,1danzi.apti.co.kr,아파트,경기도 구리시 건원대로 92,1344,위탁관리,복도식,19960919,108659.61,1344,0,0,0,76335.97,4131010300,위탁관리,14,(주)동우개발,위탁관리,14,국보종합관리,위탁관리,12,차량수거방식,위탁관리,12,"도포식,분무식",철근콘크리트구조,2650,단일계약,상주선임,P형,고가수조식,위탁관리,23,925,586,무,157,"관리사무소, 노인정, 어린이놀이터, 자전거보관소",5분이내,"경의중앙선, 경의중앙선",구리,10~15분이내,"관공서(구리시청, 구리경찰서) 병원(한양대구리병원) 백화점(롯데백화점) 대형상가(롯데마트) 공원(인창공원)","초등학교(동구초등교,구지초등교) 중학교(인창중교,동구중교) 고등학교(인창고교)"
A47174320,인창주공2단지,경기도 구리시 인창동 664-1 인창주공2단지,분양,개별난방,136183.906,13,1229,일신건설,주택공사,315522616,315522615,인창주공2단지.ma-um.co.kr,아파트,경기도 구리시 건원대로76번길 39,1229,위탁관리,혼합식,19970620,120797.37,357,872,0,0,90954.61,4131010300,위탁관리,10,광인산업(주),위탁관리,14,남경종합과리,위탁관리,10,차량수거방식,위탁관리,12,분무식,철근콘크리트구조,2500,단일계약,상주선임,R형,부스타방식,위탁관리,28,423,662,무,196,"관리사무소, 노인정, 보육시설, 주민공동시설, 어린이놀이터, 자전거보관소",5분이내,경의중앙선,구리,5~10분이내,관공서(구리시청) 병원(한양대구리병원) 백화점(롯데백화점) 대형상가(롯데마트) 공원(인창공원),"초등학교(동구초등교,구지초등교) 중학교(인창중교,동구중교) 고등학교()"
A47174425,구리인창주공4단지,경기도 구리시 인창동 666-1 구리인창주공4단지,분양,개별난방,110748.2,16,1408,(주)한양,대한주택공사,315655161,315519742,인창주공4단지.ma-um.co.kr,아파트,경기도 구리시 건원대로76번길 134,1408,위탁관리,복도식,19960625,110627.619,1408,0,0,0,79222.82,4131010300,위탁관리,12,대원종합관리(주),위탁관리,12,태백관리(주),위탁관리,11,기타,위탁관리,12,분무식,철근콘크리트구조,2400,단일계약,상주선임,P형,부스타방식,위탁관리,22,782,241,무,128,"관리사무소, 노인정, 어린이놀이터, 자전거보관소",5분이내,경의중앙선,구리,5~10분이내,관공서(구리시청) 병원(한양대구리병원) 백화점(LG백화점) 대형상가(롯데마트) 공원(인창공원),"초등학교(동구초등교,구지초등교) 중학교(인창중교,동구중교) 고등학교(인창고등학교)"
A47174523,인창주공6단지,경기도 구리시 인창동 668-1 인창주공6단지,분양,개별난방,84090.86,10,1018,대한주택공사,대한주택공사,315536448,315126448, ,아파트,경기도 구리시 건원대로34번길 77,1018,위탁관리,복도식,19960617,79936.53,1018,0,0,0,56432.87,4131010300,위탁관리,8,서일개발(주),위탁관리,10,웅산산업개발,위탁관리,8,기타,위탁관리,12,"도포식,분무식,독이식",철근콘크리트구조,1350,단일계약,상주선임,P형,부스타방식,위탁관리,15,453,191,무,134,"관리사무소, 노인정, 주민공동시설, 어린이놀이터, 자전거보관소",5분이내,경의중앙선,구리역,5~10분이내,관공서(구리시청) 병원(한양대구리병원) 백화점(LG백화점) 대형상가(엘마트) 공원(인창공원),"초등학교(동구초등교,구지초등교) 중학교(인창중교,동구중교) 고등학교(인창고등학교)"
A47174610,인창아름마을엘지,경기도 구리시 인창동 640-1 인창아름마을엘지,분양,개별난방,60110,4,482,LG건설(주),삼일주택개발/보광건설(주),315524182,315524183, ,아파트,경기도 구리시 동구릉로53번길 67,482,위탁관리,계단식,19990526,50763.1,184,214,84,0,39421.54,4131010300,위탁관리,5,대한종합관리(주),위탁관리,8,대성종합관리(주),위탁관리,4,차량수거방식,위탁관리,24,"도포식,분무식",철근콘크리트구조,1550,단일계약,상주선임,P형,고가수조식,위탁관리,11,185,349,무,141,"관리사무소, 노인정, 어린이놀이터, 휴게시설, 자전거보관소, 기타",5~10분이내,경의중앙선,구리,20분초과,관공서(구리시청) 병원(한양대구리병원) 백화점(LG백화점) 대형상가(롯데마트) 공원(인창공원),"초등학교(동구초등교,구지초등교) 중학교(인창중교,동구중교)"
A47175011,인창동양,경기도 구리시 인창동 487 인창동양,분양,개별난방,66740.57,7,485,인창동양지역주택조합,동양메이저(주),315569595,315569595,dyapt.co.kr,아파트,경기도 구리시 동구릉로103번길 61,485,위탁관리,계단식,20021015,55521.345,0,485,0,0,41215.3,4131010300,위탁관리,5,우리관리(주),위탁관리,4,태양삼차원,위탁관리,5,음식물쓰레기종량제,위탁관리,4,"도포식,분무식,독이식",철근콘크리트구조,1150,단일계약,상주선임,R형,부스타방식,위탁관리,11,105,391,무,91,"관리사무소, 노인정, 어린이놀이터, 자전거보관소",5분이내,경의중앙선,구리,20분초과,관공서(구리시청) 병원(한양대구리병원) 백화점(LG백화점) 대형상가(롯데마트) 공원(인창공원),"초등학교(동구초등교,구지초등교) 중학교(인창중교,동구중교) 고등학교()"
A47175209,인창성원2차,경기도 구리시 인창동 453 인창성원2차,분양,개별난방,74400.082,6,461,성원건설(주),성원건설(주),315664744,315124744,인창성원2차.apti.co.kr,아파트,경기도 구리시 동구릉로129번길 24,461,위탁관리,계단식,20001031,56873.978,112,173,176,0,45116.55,4131010300,위탁관리,5,한국주택.시설관리(주),위탁관리,8,태양삼차원환경(주),위탁관리,5,거점장비수거방식,위탁관리,12,"분무식,독이식",철근콘크리트구조,1300,단일계약,상주선임,P형,고가수조식,위탁관리,11,160,432,무,118,"관리사무소, 노인정, 어린이놀이터, 자전거보관소",5분이내,경의중앙선,구리,20분초과,관공서(구리시청) 병원(한양대구리병원) 백화점(LG백화점) 대형상가(롯데마트) 공원(인창공원),"초등학교(동구초등교,구지초등교) 중학교(인창중교,동구중교)"
A47175422,인창한진그랑빌,경기도 구리시 인창동 29 인창한진그랑빌,분양,개별난방,119800.98,7,953,한진중공업,한진중공업,315670083,315670084,한진그랑빌.ma-um.co.kr,아파트,경기도 구리시 동구릉로238번길 20,953,위탁관리,계단식,20020110,96869.219,234,719,0,0,75120.845,4131010300,위탁관리,7,서일개발,위탁관리,10,태양삼차원,위탁관리,8,차량수거방식,위탁관리,12,NA,철근콘크리트구조,2250,단일계약,상주선임,R형,고가수조식,위탁관리,42,221,772,무,170,"관리사무소, 노인정, 보육시설, 주민공동시설, 어린이놀이터, 휴게시설, 자전거보관소",5분이내,분당선,구리,20분초과,관공서(구리시청) 병원(한양대구리병원) 백화점(LG백화점) 대형상가(롯데마트) 공원(인창공원),"초등학교(동구초등교,구지초등교) 중학교(인창중교,동구중교)"
A47175516,인창현대홈타운,경기도 구리시 인창동 508 인창현대홈타운,분양,개별난방,82267.88,7,598,현대건설(주),구리인창현대연합주택조합,315627626,315167626,www.hdhome.co.kr,아파트,경기도 구리시 동구릉로 114,598,위탁관리,계단식,20020816,51125.84,0,548,50,0,51125.84,4131010300,위탁관리,6,대한종합개발(주),위탁관리,6,(주)가온종합관리,위탁관리,6,차량수거방식,위탁관리,4,"도포식,분무식",철근콘크리트구조,2100,단일계약,상주선임,GR형,부스타방식,위탁관리,32,199,432,유,144,"관리사무소, 노인정, 보육시설, 문고, 주민공동시설, 어린이놀이터, 자전거보관소",5분이내,경의중앙선,구리,10~15분이내,관공서(구리시청) 병원(한양대구리병원) 백화점(롯데백화점) 대형상가(롯데마트) 공원(인창중앙공원),"초등학교(동구초등교,구지초등교) 중학교(인창중학교,동구중학교) 고등학교(인창고등학교)"
A47175602,수택주공,경기도 구리시 수택동 549-6 수택주공,분양,개별난방,53834.317,3,420,한진중공업,주공,315556406,315556407, ,아파트,경기도 구리시 수택천로 60,420,위탁관리,계단식,20001109,40735.605,150,270,0,0,31896.5,4131010500,위탁관리,4,대한종합개발(주),위탁관리,3,(주)동남시큐리티,위탁관리,3,차량수거방식,위탁관리,12,분무식,철근콘크리트구조,800,단일계약,위탁선임,GR형,고가수조식,위탁관리,9,63,363,무,64,"관리사무소, 노인정, 어린이놀이터, 자전거보관소",10~15분이내,경의중앙선,구리,10~15분이내,관공서(구리시청) 병원(구리한양대병원) 백화점(롯데백화점) 대형상가(구리롯데마트외) 공원(구리왕숙천),"초등학교(구리초등학교) 중학교(구리여중) 고등학교(구리여고,수택고)"
A47175703,토평상록,경기도 구리시 토평동 959 토평상록,분양,개별난방,68605.543,6,488,JR건설,공무원연금관리공단,315129234,315569234, ,아파트,경기도 구리시 장자대로111번길 56,488,위탁관리,계단식,20020116,56806.616,0,488,0,0,41189.152,4131010700,위탁관리,6,대한종합관리(주),위탁관리,5,(주)이엠피서비스,위탁관리,5,음식물쓰레기종량제,위탁관리,12,"도포식,분무식,독이식",철근콘크리트구조,1750,단일계약,상주선임,R형,부스타방식,위탁관리,12,156,350,무,104,"관리사무소, 노인정, 어린이놀이터, 커뮤니티공간, 자전거보관소",5분이내,경의중앙선,NA,15~20분이내,관공서(수택3동사무소) 대형상가(삼성디지털프라자) 공원(장자못공원),초등학교(토평초) 중학교(토평중) 고등학교(토평고)
A47175801,수택엘지원앙,경기도 구리시 수택동 854-2 수택엘지원앙,분양,개별난방,77313.755,7,824,LG건설,럭키개발,315516556,315166556, ,아파트,경기도 구리시 체육관로 54,824,위탁관리,혼합식,19950810,68367.48,484,340,0,0,49466.74,4131010500,위탁관리,6,서일개발(주),위탁관리,14,태양삼차원 환경,위탁관리,7,음식물쓰레기종량제,위탁관리,6,"도포식,독이식",철근콘크리트구조,1600,단일계약,상주선임,P형,고가수조식,위탁관리,36,346,346,무,110,"관리사무소, 노인정, 주민공동시설, 어린이놀이터, 휴게시설, 자전거보관소",5분이내,8호선,구리,20분초과,관공서(구리시청) 병원(현대치과) 공원(장자호수공원),초등학교(부양초등학교) 중학교(구리중학교) 고등학교(구리고등학교)
A47176006,토평마을e편한세상아파트,경기도 구리시 토평동 955 토평마을e편한세상아파트,분양,개별난방,89452,8,678,"대림산업(주), 영풍산업(주)","대림산업(주), 영풍산업(주)",315556072,315556073, ,아파트,경기도 구리시 장자호수길 125,678,위탁관리,계단식,20010627,57358.122,0,678,0,0,57358.122,4131010700,위탁관리,6,우리관리(주),위탁관리,12,태양삼차원환경,위탁관리,7,거점장비수거방식,위탁관리,12,"도포식,분무식,독이식",철근콘크리트구조,2100,단일계약,상주선임,R형,부스타방식,위탁관리,18,264,421,유,152,"관리사무소, 노인정, 보육시설, 주민공동시설, 어린이놀이터, 휴게시설, 자전거보관소",5분이내,경의중앙선,구리역,15~20분이내,관공서(수택3동사무소) 병원(구리한양대병원) 백화점(롯데백화점) 대형상가(롯데마트) 공원(장자못공원),초등학교(토평초) 중학교(토평중) 고등학교(토평고)
A47176007,유진스웰,경기도 구리시 토평동 269-1 유진스웰,분양,개별난방,13543.2366,2,85,(주)유진기업,"동명6차지역주택조합,(주)유진기업",315553405,315553406, ,아파트,경기도 구리시 벌말로 129,85,위탁관리,계단식,20090603,7579.2152,0,66,19,0,7579.2152,4131010700,위탁관리,1,우진관리(주),위탁관리,2,우진관리(주),위탁관리,1,음식물쓰레기종량제,자치관리,5,"분무식,독이식",철근콘크리트구조,700,종합계약,위탁선임,P형,부스타방식,위탁관리,3,14,82,무,31,"관리사무소, 어린이놀이터, 자전거보관소, 기타",5~10분이내,경의중앙선,NA,10~15분이내,"관공서(구리시청 ,구리경찰서, 구리소방서) 병원(구리 한양대학병원) 백화점(롯데백화점) 공원(장자호수공원) 기타(토평도서관)",NA
A47176102,토평삼성래미안,경기도 구리시 토평동 960 토평삼성래미안,분양,개별난방,72033.148,5,402,삼성물산(주),삼성물산(주),315578462,315578463, ,아파트,경기도 구리시 장자대로111번길 12,402,위탁관리,계단식,20010627,58984.2,0,0,402,0,46455.062,4131010700,위탁관리,6,대한종합관리(주),위탁관리,8,대성종합관리,위탁관리,4,음식물쓰레기종량제,위탁관리,12,"도포식,분무식,독이식",철근콘크리트구조,1720,종합계약,상주선임,GR형,부스타방식,위탁관리,10,220,460,무,108,"관리사무소, 노인정, 주민공동시설, 어린이놀이터, 자전거보관소",5~10분이내,경의중앙선,NA,10~15분이내,관공서(수택3동사무소) 병원(한양대구리병원) 백화점(구리롯데백화점) 대형상가(삼성디지털프라자) 공원(장자못공원),초등학교(토평초) 중학교(토평중) 고등학교(토평고)
A47176305,교문장자마을신명,경기도 구리시 교문동 826 교문장자마을신명,분양,개별난방,59824.92,6,434,(주)신명종합건설,(주)신명종합건설,315587555,315538310,장자마을신명.ma-um.co.kr,아파트,경기도 구리시 장자호수길 71,434,위탁관리,계단식,20010908,50814.456,0,434,0,0,36729.42,4131010400,위탁관리,5,(주)동우개발,위탁관리,6,(주)혜진종합관리,위탁관리,5,차량수거방식,위탁관리,12,분무식,철근콘크리트구조,1300,단일계약,상주선임,P형,고가수조식,위탁관리,10,216,233,무,64,"관리사무소, 노인정, 주민공동시설, 어린이놀이터, 자전거보관소",5~10분이내,경의중앙선,NA,NA,관공서(교문2동사무소) 공원(장자못공원),초등학교(장자초등학교) 중학교(장자중학교) 고등학교(구리고등학교)
A47176404,토평검배마을SK신일,경기도 구리시 토평동 1008 토평검배마을SK신일,분양,개별난방,63400.2,5,492,SK건설.신일건업,SK건설.신일건업,315554054,315564054, ,아파트,경기도 구리시 검배로 142,492,위탁관리,계단식,20010622,55299.1764,0,492,0,0,41707.2186,4131010700,위탁관리,6,율산개발 유한회사,위탁관리,6,대성종합관리(주),위탁관리,5,차량수거방식,위탁관리,4,"도포식,분무식,독이식",철근콘크리트구조,2070,단일계약,상주선임,P형,부스타방식,위탁관리,12,269,231,무,130,"관리사무소, 노인정, 주민공동시설, 어린이놀이터, 휴게시설, 자전거보관소",5분이내,경의중앙선,NA,10~15분이내,관공서(구리시청) 병원(한양대학병원) 백화점(롯데백화점) 공원(장자호수공원),"초등학교(쉬택초등학교) 중학교(구리여중) 고등학교(구리여고,구리고등학교,수택고둥학교,인창고등학교)"
A47176601,토평우남,경기도 구리시 토평동 1009 토평우남,분양,개별난방,24576.8778,3,252,우남종합건설,우남종합건설,315560796,315560797, ,아파트,경기도 구리시 검배로 154,252,위탁관리,계단식,20001228,21393.6156,252,0,0,0,15032.1528,4131010700,위탁관리,3,서일개발주식회사,위탁관리,2,웅산산업개발,위탁관리(직영+위탁),3,차량수거방식,위탁관리,4,"도포식,분무식",철근콘크리트구조,900,단일계약,위탁선임,R형,고가수조식,위탁관리,7,125,129,무,50,"관리사무소, 노인정, 어린이놀이터",5분이내,경의중앙선,구리역,5~10분이내,병원(강일의원) 백화점(구리 롯데) 공원(근린공원),초등학교(수택초) 중학교(구리여중) 고등학교(구리여고/수택고)
A47176805,토평한일,경기도 구리시 토평동 961 토평한일,분양,개별난방,54175.371,5,526,한일건설,한일건설,315566171,315566172,토평한일.ma-um.co.kr,아파트,경기도 구리시 장자대로111번길 11,526,위탁관리,계단식,20010823,45083.46,526,0,0,0,31446.384,4131010700,위탁관리,6,대한종합관리(주),위탁관리,6,대성종합관리(주),위탁관리,5,차량수거방식,위탁관리,12,"도포식,분무식",철근콘크리트구조,1425,단일계약,상주선임,GR형,부스타방식,위탁관리,14,186,342,무,100,"관리사무소, 노인정, 보육시설, 주민공동시설, 어린이놀이터, 자전거보관소",5~10분이내,"5호선, 경춘선","구리역,광나루역",20분초과,관공서(수택3동사무소) 병원(장중환산부인과소아과내과) 대형상가(삼성디지털프라자) 공원(장자못공원),초등학교(토평초) 중학교(토평중) 고등학교(토평고)
A47177317,인창대림2차e편한세상,경기도 구리시 인창동 705 인창대림2차e편한세상,분양,개별난방,86673.98,11,621,대림산업(주),.,315520996,315520997,cafe.daum.net/daelimkjb,아파트,경기도 구리시 동구릉로129번길 23,621,위탁관리,계단식,20061229,65817.376,160,377,84,0,50946.349,4131010300,위탁관리,7,우리관리(주),위탁관리,7,태양삼차원환경,위탁관리,6,음식물쓰레기종량제,위탁관리,12,"분무식,독이식",철근콘크리트구조,2400,단일계약,상주선임,R형,부스타방식,위탁관리,17,85,600,유,227,"관리사무소, 노인정, 보육시설, 문고, 주민공동시설, 어린이놀이터, 자전거보관소",5분이내,경의중앙선,구리역,15~20분이내,관공서(구리시청) 병원(한양대구리병원) 백화점(롯데백화점) 대형상가(롯데마트) 공원(인창공원),"초등학교(동구초등교,구지초등교) 중학교(인창중교,동구중교) 고등학교(인창고등학교)"
A47181601,수택쌍용,경기도 구리시 수택동 440 수택쌍용,분양,개별난방,27976.31,3,241,남광토건주식회사,남광토건주식회사,315545193,315162233,수택쌍용아파트.ma-um.co.kr,아파트,경기도 구리시 원수택로 20,241,위탁관리,계단식,19961213,23837.96,105,136,0,0,17809.44,4131010500,위탁관리,4,(주)신대한관리,위탁관리,4,승학,위탁관리,2,음식물쓰레기종량제,위탁관리,12,"도포식,분무식,독이식",철근콘크리트구조,800,단일계약,위탁선임,P형,고가수조식,위탁관리,7,81,105,무,40,"관리사무소, 노인정, 주민공동시설, 어린이놀이터, 휴게시설",10~15분이내,경의중앙선,구리,20분초과,"관공서(구리시청) 병원(구리한양대병원) 백화점(롯대백화점) 대형상가(럭키마트) 공원(옥천공원 구리시립체육공원) 기타(구리시멀티스포츠 센터, 구리시교문도서관, 구리아트홀)","초등학교(구리초교,부양초교) 중학교(구리중교) 고등학교(구리고교)"
A47182802,구리럭키,경기도 구리시 수택동 853 구리럭키,분양,개별난방,45729,5,608,공영개발(주),공영개발(주),315526828,315519311,구리럭키.ma-um.co.kr,아파트,경기도 구리시 이문안로 124,608,위탁관리,복도식,19920720,43160.44,608,0,0,0,30822.72,4131010500,위탁관리,5,유원종합관리(주),위탁관리,7,주)승학,위탁관리,4,음식물쓰레기종량제,위탁관리,12,NA,철근콘크리트구조,850,단일계약,상주선임,R형,고가수조식,위탁관리,7,417,0,유,45,"관리사무소, 노인정, 주민공동시설, 어린이놀이터, 자전거보관소",5분이내,1호선,구리,20분초과,"관공서(구리시청) 병원(김스내과, 장스365일 어린이병원) 공원(장자호수공원)",초등학교(부양초등학교) 중학교(구리중학교) 고등학교(구리고등학교)
A47182906,인창금호어울림,경기도 구리시 인창동 709 인창금호어울림,분양,개별난방,31644.1,5,235,금호건설,네스트 개발주식회사,315526371,315526372,금호어울림.ma-um.co.kr,아파트,경기도 구리시 동구릉로 226,235,위탁관리,계단식,20060630,24014.22,0,235,0,0,18805.0796,4131010300,위탁관리,4,(주)서일개발,위탁관리,2,(주)대성종합관리,위탁관리,3,거점장비수거방식,위탁관리,8,"분무식,독이식",철근콘크리트구조,850,단일계약,위탁선임,R형,부스타방식,위탁관리,9,77,172,무,64,"관리사무소, 노인정, 어린이놀이터, 휴게시설, 자전거보관소",5분이내,경의중앙선,구리,15~20분이내,관공서(구리시청) 병원(한양대구리병원) 백화점(롯데백화점) 대형상가(롯데마트) 공원(인창공원),"초등학교(동구초등교,구지초등교) 중학교(인창중교,동구중교) 고등학교(인창고교)"
A47183301,인창e편한세상,경기도 구리시 인창동 309-6 인창e편한세상,분양,개별난방,23096,1,154,대림산업,대림산업,315622111,315622113,인창e편한세상.ma-um.co.kr,아파트,경기도 구리시 동구릉로 64,154,위탁관리,계단식,20040731,14924.09,67,87,0,0,11401.698,4131010300,위탁관리,3,대한종합관리(주),위탁관리,2,대한종합관리(주),위탁관리,2,음식물쓰레기종량제,위탁관리,12,"도포식,독이식",철근콘크리트구조,1310,단일계약,위탁선임,R형,부스타방식,위탁관리,5,37,142,무,59,"관리사무소, 노인정, 어린이놀이터, 자전거보관소",5분이내,경의중앙선,구리역,10~15분이내,"관공서(구리시청) 병원(한양대구리병원, 성림병원) 백화점(LG백화점) 대형상가(롯데마트) 공원(인창공원)","초등학교(건원초등교,인창초등교) 중학교(인창중,동구중) 고등학교(인창고등학교)"
A47183319,인창아름마을래미안,경기도 구리시 인창동 487-1 인창아름마을래미안,분양,개별난방+기타,101233.79,9,816,삼성물산,인창삼성제5지역조합주택외2,315554384,315554385,인창래미안.apti.co.kr,아파트,경기도 구리시 동구릉로85번길 63,816,위탁관리,계단식,20001030,85350.58,170,646,0,0,65075.3986,4131010300,위탁관리,8,대한종합관리(주),위탁관리,8,태양삼차원환경,위탁관리,6,음식물쓰레기종량제,위탁관리,12,"도포식,분무식,독이식",철근콘크리트구조,2300,단일계약,상주선임,GR형,부스타방식,위탁관리,21,256,564,무,156,"관리사무소, 노인정, 주민공동시설, 어린이놀이터, 휴게시설, 자전거보관소",5분이내,경의중앙선,구리,20분초과,관공서(구리시청) 병원(한양대구리병원) 백화점(롯데백화점) 대형상가(엘마트) 공원(인창공원),"초등학교(동인초등교,인창초등교) 중학교(인창중교,동구중교)"
A47185312,인창원일가대라곡,경기도 구리시 인창동 691 인창원일가대라곡,임대+분양,개별난방,75648.59,7,533,원일종합건설,원일종합건설(주),315575394,315575395,원일가대라곡.ma-um.co.kr,아파트,경기도 구리시 동구릉로148번길 15,533,위탁관리,계단식,20050331,57158.359,217,264,0,52,42544.687,4131010300,위탁관리,6,(주)동우개발,위탁관리,4,(주)혜진종합관리,위탁관리,6,차량수거방식,위탁관리,12,도포식,철근콘크리트구조,2150,단일계약,상주선임,R형,부스타방식,위탁관리,17,86,468,무,112,"관리사무소, 노인정, 보육시설, 주민공동시설, 어린이놀이터, 자전거보관소",5분이내,경의중앙선,구리,15~20분이내,관공서(구리시청) 병원(한양대구리병원) 백화점(LG백화점) 대형상가(롯데마트) 공원(인창공원),"초등학교(동구초등교,구지초등교) 중학교(인창중교,동구중교)"
A47186010,금호1차,경기도 구리시 교문동 820 금호1차,분양,개별난방,72201.69,7,704,금호,군인공제회,315567332,315567333, ,아파트,경기도 구리시 장자대로 38,704,위탁관리,계단식,20010831,57037.88,704,0,0,0,38666.64,4131010400,위탁관리,7,대원종합관리(주),위탁관리,6,덕우,위탁관리,6,차량수거방식,위탁관리,6,분무식,철근콘크리트구조,2100,종합계약,상주선임,GR형,고가수조식,위탁관리,16,147,571,유,150,NA,5분이내,분당선,구리,20분초과,관공서(구리시청) 병원(한양대구리) 백화점(엘지) 공원(장자못호수),"초등학교(정자) 중학교(정자) 고등학교(구리,삼육)"
A47186114,인창동원베네스트,경기도 구리시 인창동 703 인창동원베네스트,분양,개별난방,70239.68,7,572,(주)동원ENC,"인창동원지역주택조합, (주)동원ENC",315629942,315629943,인창동원베네스트.ma-um.co.kr,아파트,경기도 구리시 동구릉로53번길 42,572,위탁관리,계단식,20041126,53162.77,321,251,0,0,40528.99,4131010300,위탁관리,6,대한종합관리(주),위탁관리,6,태양삼차원주식회사,위탁관리,6,차량수거방식,위탁관리,12,"도포식,분무식,독이식",철근콘크리트구조,2350,종합계약,상주선임,R형,부스타방식,위탁관리,15,116,458,유,68,NA,5분이내,분당선,구리,20분초과,관공서(구리시청) 병원(한양대구리병원) 백화점(LG백화점) 대형상가(롯데마트) 공원(인창공원),"초등학교(동구초등교,구지초등교) 중학교(인창중교,동구중교)"
